,登録名,チーム2018,奪三振2018,奪三振2017,奪三振2016,奪三振2015,奪三振2014,奪三振2013,奪三振2012,奪三振2011,奪三振2010,奪三振2009,総奪三振数,総奪三振率,総投球回
794,石井　弘寿,,,,,,,,,1.0,,,1.0,10.0,0.1
291,伊藤　剛,,,,,,,,,,,1.0,1.0,10.0,0.1
886,浜田　智博,,,,,2.0,,,,,,,2.0,10.0,0.2
78,坂寄　晴一,,,,,1.0,,,,,,,1.0,5.0,0.2
385,鈴木　優,,,,3.0,0.0,,,,,,,3.0,2.4999999999999996,1.2000000000000002
604,デラバー,,,,4.0,,,,,,,,4.0,2.0,2.0
806,キャンデラリオ,,,6.0,,,,,,,,,6.0,2.0,3.0
331,中塚　駿太,西武,4.0,0.0,,,,,,,,,4.0,1.8181818181818181,2.2
83,髙橋　純平,,,5.0,,,,,,,,,5.0,1.6666666666666667,3.0
389,土本　恭平,,,,,,,,,,5.0,,5.0,1.5625,3.2
192,モリーヨ,,,,,,,,,,9.0,,9.0,1.4516129032258065,6.2
520,陳　冠宇,,,,,,3.0,,,,,,3.0,1.4285714285714286,2.1
214,相原　勝幸,,,,,,,,,,3.0,,3.0,1.4285714285714286,2.1
4,花田　真人,,,,,,,,,,,3.0,3.0,1.4285714285714286,2.1
568,ボーグルソン,,,,,,,,,,,56.0,56.0,1.3592233009708736,41.2
213,牛田　成樹,,,,,,,,10.0,61.0,69.0,10.0,150.0,1.3501350135013501,111.1
30,藤井　皓哉,広島,14.0,1.0,,,,,,,,,15.0,1.3392857142857144,11.2
401,國場　翼,,,,4.0,,,,,,,,4.0,1.3333333333333333,3.0
464,サファテ,ソフトバンク,9.0,102.0,73.0,102.0,96.0,66.0,44.0,82.0,,,574.0,1.3256351039260972,432.99999999999994
421,フランスア,広島,71.0,,,,,,,,,,71.0,1.3099630996309963,54.2
523,ファルケンボーグ,,,,,,45.0,49.0,26.0,79.0,83.0,62.0,344.0,1.308980213089802,262.8
14,藤川　球児,阪神,52.0,71.0,70.0,,,,58.0,80.0,81.0,86.0,498.0,1.3067436368407244,381.09999999999997
324,クルーン,,,,,,,,,,73.0,57.0,130.0,1.2974051896207583,100.2
95,鍬原　拓也,巨人,35.0,,,,,,,,,,35.0,1.286764705882353,27.2
156,ミゲル・メヒア,,,,,4.0,,,,,,,4.0,1.25,3.2
513,松井　裕樹,楽天,65.0,62.0,75.0,103.0,126.0,,,,,,431.0,1.215454032712916,354.6
877,ライブリー,,,,,22.0,,,,,,,22.0,1.208791208791209,18.2
20,パヤノ,,,,,,26.0,,,,,39.0,65.0,1.1992619926199262,54.2
535,水野　滉也,,,5.0,,,,,,,,,5.0,1.1904761904761905,4.2
295,玉置　隆,,,,,4.0,8.0,10.0,,,,,22.0,1.1891891891891893,18.5
382,佐藤　達也,,,12.0,53.0,77.0,85.0,88.0,23.0,,,,338.0,1.1880492091388402,284.5
564,サンチェス,,,,,,,,,19.0,,,19.0,1.1801242236024843,16.1
325,スアレス,ソフトバンク,7.0,,64.0,,,,,,,,71.0,1.1794019933554816,60.2
756,モイネロ,ソフトバンク,47.0,36.0,,,,,,,,,83.0,1.1789772727272727,70.4
151,山崎　康晃,,,,,66.0,,,,,,,66.0,1.1764705882352942,56.1
814,ドリス,阪神,41.0,85.0,36.0,,,,,,,,162.0,1.1654676258992807,139.0
28,山﨑　康晃,DeNA,49.0,84.0,61.0,,,,,,,,194.0,1.165165165165165,166.5
124,マシソン,巨人,41.0,79.0,98.0,55.0,75.0,77.0,48.0,,,,473.0,1.1610211094747178,407.4
510,リズ,,,,13.0,,,,,,,,13.0,1.1607142857142858,11.2
294,高梨　雄平,楽天,44.0,48.0,,,,,,,,,92.0,1.158690176322418,79.4
547,パットン,DeNA,51.0,66.0,,,,,,,,,117.0,1.1584158415841583,101.0
843,コーディエ,,,,14.0,,,,,,,,14.0,1.15702479338843,12.1
352,大谷　翔平,,,29.0,174.0,196.0,179.0,46.0,,,,,624.0,1.1521418020679468,541.6
388,高橋　朋己,,,,,55.0,80.0,28.0,,,,,163.0,1.1511299435028248,141.6
824,田中　正義,ソフトバンク,15.0,,,,,,,,,,15.0,1.1363636363636365,13.2
775,ヒース,西武,43.0,,,59.0,35.0,,,,,,137.0,1.1359867330016582,120.60000000000001
10,ウィリアムス,,,,,,59.0,45.0,41.0,,,35.0,180.0,1.135646687697161,158.5
458,望月　惇志,阪神,32.0,,1.0,,,,,,,,33.0,1.134020618556701,29.1
576,千賀　滉大,ソフトバンク,126.0,151.0,181.0,21.0,28.0,85.0,1.0,,,,593.0,1.1301696207356584,524.7
518,田中　豊樹,日本ハム,8.0,23.0,2.0,,,,,,,,33.0,1.1262798634812285,29.3
835,近藤　大亮,オリックス,51.0,71.0,2.0,,,,,,,,124.0,1.1231884057971013,110.4
56,長峰　昌司,,,,,,,,,,19.0,5.0,24.0,1.1214953271028039,21.4
811,小林　慶祐,オリックス,9.0,46.0,,,,,,,,,55.0,1.1178861788617886,49.2
519,桟原　将司,,,,,,,,,,8.0,21.0,29.0,1.1153846153846154,26.0
384,木下　雄介,中日,18.0,,,,,,,,,,18.0,1.1111111111111112,16.2
598,佐藤　賢,,,,,,,,,2.0,0.0,5.0,7.0,1.111111111111111,6.300000000000001
274,小椋　真介,,,,,,,,,,113.0,0.0,113.0,1.107843137254902,102.0
606,濵口　遥大,DeNA,76.0,136.0,,,,,,,,,212.0,1.0905349794238683,194.4
7,小嶋　達也,,,,,6.0,9.0,8.0,8.0,64.0,5.0,2.0,102.0,1.0897435897435896,93.60000000000001
563,バンデンハーク,ソフトバンク,113.0,162.0,92.0,120.0,,,,,,,487.0,1.0894854586129754,447.0
13,土肥　寛昌,,,6.0,5.0,,,,,,,,11.0,1.0891089108910892,10.1
870,西村　天裕,日本ハム,25.0,,,,,,,,,,25.0,1.0869565217391304,23.0
516,呉　昇桓,,,,,66.0,81.0,,,,,,147.0,1.0864745011086474,135.3
905,ヘルメン,,,51.0,,,,,,,,,51.0,1.0851063829787233,47.0
650,齊藤　信介,,,,,,,,,,,13.0,13.0,1.0833333333333333,12.0
304,石崎　剛,阪神,23.0,32.0,6.0,11.0,,,,,,,72.0,1.0827067669172932,66.5
497,濱矢　廣大,楽天,8.0,8.0,15.0,14.0,0.0,,,,,,45.0,1.0817307692307694,41.599999999999994
322,才木　浩人,阪神,72.0,3.0,,,,,,,,,75.0,1.0806916426512967,69.4
288,ダルビッシュ　有,,,,,,,,,276.0,222.0,167.0,665.0,1.0795454545454546,616.0
572,ジャクソン,広島,40.0,55.0,89.0,,,,,,,,184.0,1.0753945061367622,171.1
32,西宮　悠介,楽天,8.0,10.0,32.0,8.0,51.0,,,,,,109.0,1.0728346456692914,101.6
237,バーネット,,,,,56.0,42.0,62.0,52.0,54.0,70.0,,336.0,1.0676835081029552,314.7
483,ザガースキー,,,,34.0,16.0,,,,,,,50.0,1.059322033898305,47.2
747,嘉弥真　新也,ソフトバンク,24.0,47.0,8.0,14.0,40.0,50.0,2.0,,,,185.0,1.0577472841623785,174.9
857,ルイス,,,,,,,,,,,186.0,186.0,1.0562180579216354,176.1
837,中尾　輝,ヤクルト,52.0,4.0,,,,,,,,,56.0,1.054613935969868,53.1
737,ギルメット,,,57.0,,,,,,,,,57.0,1.051660516605166,54.2
442,石川　直也,日本ハム,43.0,51.0,0.0,,,,,,,,94.0,1.0514541387024607,89.4
264,則本　昂大,楽天,162.0,222.0,216.0,215.0,204.0,134.0,,,,,1153.0,1.0494220442340947,1098.7
802,ルーキ,,,70.0,60.0,,,,,,,,130.0,1.045016077170418,124.4
398,平野　佳寿,,,47.0,57.0,39.0,70.0,71.0,80.0,99.0,101.0,91.0,655.0,1.0428275752268747,628.1
392,風張　蓮,ヤクルト,53.0,3.0,10.0,0.0,,,,,,,66.0,1.0426540284360188,63.300000000000004
415,ハーマン,楽天,44.0,58.0,,,,,,,,,102.0,1.0397553516819573,98.1
229,宮田　和希,,,,,15.0,17.0,,4.0,,2.0,2.0,40.0,1.0389610389610389,38.50000000000001
696,杉内　俊哉,,,,,93.0,145.0,149.0,172.0,177.0,218.0,204.0,1158.0,1.0389377355104972,1114.6
757,伊藤　和雄,阪神,12.0,10.0,9.0,,11.0,,2.0,,,,44.0,1.035294117647059,42.5
448,エレラ,,,,,53.0,,,,,,,53.0,1.03515625,51.2
311,カミネロ,巨人,19.0,65.0,,,,,,,,,84.0,1.033210332103321,81.3
273,大下　佑馬,ヤクルト,28.0,,,,,,,,,,28.0,1.033210332103321,27.1
189,鴨志田　貴司,,,,,,,1.0,1.0,15.0,31.0,7.0,55.0,1.0318949343339587,53.3
307,Ｍ．中村,,,,,,,,,,,28.0,28.0,1.0294117647058825,27.2
109,高橋　聡文,,,,,26.0,19.0,29.0,7.0,2.0,62.0,53.0,198.0,1.0275038920601973,192.7
435,マーティン,西武,10.0,34.0,57.0,,,,,,,,101.0,1.024340770791075,98.60000000000001
456,増井　浩俊,オリックス,63.0,82.0,71.0,71.0,59.0,63.0,69.0,58.0,34.0,,570.0,1.0240747394897594,556.5999999999999
59,エスコバー,DeNA,44.0,,,,,,,,,,44.0,1.0232558139534884,43.0
142,尾仲　祐哉,阪神,14.0,17.0,,,,,,,,,31.0,1.023102310231023,30.3
390,マテオ,阪神,13.0,62.0,56.0,,,,,,,,131.0,1.0218408736349456,128.2
883,大山　暁史,オリックス,4.0,30.0,2.0,,0.0,,,,,,36.0,1.0169491525423726,35.400000000000006
241,田嶋　大樹,オリックス,69.0,,,,,,,,,,69.0,1.0117302052785924,68.2
534,加藤　康介,,,,,2.0,15.0,54.0,34.0,3.0,23.0,37.0,168.0,1.0114388922335942,166.1
540,黒木　優太,オリックス,26.0,62.0,,,,,,,,,88.0,1.0103329506314582,87.1
819,藤浪　晋太郎,阪神,43.0,41.0,176.0,221.0,172.0,126.0,,,,,779.0,1.0101141078838174,771.2
882,岡本　直也,,,,,,,,,1.0,,,1.0,1.0,1.0
376,西崎　聡,,,,,,,,,,,1.0,1.0,1.0,1.0
472,高橋　奎二,ヤクルト,5.0,,,,,,,,,,5.0,1.0,5.0
347,高島　祥平,,,,,,,,,,1.0,,1.0,1.0,1.0
41,沼田　拓巳,ヤクルト,1.0,,,,,,,,,,1.0,1.0,1.0
391,小澤　怜史,,,2.0,,,,,,,,,2.0,1.0,2.0
157,野川　拓斗,,,,7.0,,,,,,,,7.0,1.0,7.0
144,植松　優友,,,,,8.0,,,,,,,8.0,1.0,8.0
801,島袋　洋奨,,,,,2.0,,,,,,,2.0,1.0,2.0
848,菊沢　竜佑,,,3.0,,,,,,,,,3.0,1.0,3.0
525,竹安　大知,,,1.0,,,,,,,,,1.0,1.0,1.0
130,菊地　正法,,,,,,,,,,,6.0,6.0,1.0,6.0
173,横山　龍之介,,,,,,,,,,1.0,,1.0,1.0,1.0
663,清水　達也,中日,2.0,,,,,,,,,,2.0,1.0,2.0
74,金村　大裕,,,,,,,,,,,1.0,1.0,1.0,1.0
75,岡本　秀寛,,,,,,,,,,,1.0,1.0,1.0,1.0
90,木下　達生,,,,,,,,,1.0,,,1.0,1.0,1.0
508,寺島　成輝,ヤクルト,2.0,3.0,,,,,,,,,5.0,1.0,5.0
610,笠原　将生,,,,,18.0,33.0,51.0,14.0,,,,116.0,1.0,116.0
638,谷岡　竜平,巨人,23.0,7.0,,,,,,,,,30.0,1.0,30.0
574,深田　拓也,,,,,,,,,,,4.0,4.0,1.0,4.0
609,コラレス,,,3.0,,,,,,,,,3.0,1.0,3.0
687,小林　賢司,,,,,,,,,,,1.0,1.0,1.0,1.0
414,伊藤　拓郎,,,,,,,,2.0,,,,2.0,1.0,2.0
254,田川　賢吾,ヤクルト,1.0,,,,,,,,,,1.0,1.0,1.0
84,川崎　貴弘,,,,,,,1.0,,,,,1.0,1.0,1.0
407,綾部　翔,,,5.0,,,,,,,,,5.0,1.0,5.0
383,畠　世周,,,72.0,,,,,,,,,72.0,0.998613037447989,72.1
797,林　昌勇,,,,,,,,7.0,69.0,53.0,52.0,181.0,0.9983452840595697,181.3
77,平井　克典,西武,47.0,42.0,,,,,,,,,89.0,0.9977578475336323,89.2
706,ブーチェック,,,,,,,,,,25.0,,25.0,0.99601593625498,25.1
781,横山　雄哉,,,5.0,16.0,12.0,,,,,,,33.0,0.9939759036144578,33.2
205,陽　耀勲,,,,,,,,45.0,,28.0,10.0,83.0,0.9928229665071769,83.60000000000001
158,五十嵐　亮太,ソフトバンク,12.0,28.0,27.0,59.0,71.0,58.0,,,,44.0,299.0,0.9903941702550514,301.9
660,内　竜也,ロッテ,51.0,44.0,34.0,21.0,6.0,26.0,23.0,24.0,20.0,29.0,278.0,0.990381189882437,280.69999999999993
318,白村　明弘,日本ハム,4.0,29.0,19.0,66.0,10.0,,,,,,128.0,0.9884169884169884,129.5
42,松田　遼馬,ソフトバンク,6.0,33.0,26.0,31.0,3.0,29.0,,,,,128.0,0.9868928296067847,129.70000000000002
678,岩見　優輝,,,,,,,4.0,,11.0,,,15.0,0.986842105263158,15.2
539,石川　俊介,,,,,,,,,,3.0,11.0,14.0,0.9859154929577465,14.2
242,齊藤　勝,,,,,,4.0,3.0,,,,,7.0,0.9859154929577465,7.1
812,髙橋　聡文,阪神,8.0,51.0,38.0,,,,,,,,97.0,0.9857723577235772,98.4
685,塹江　敦哉,,,,6.0,,,,,,,,6.0,0.9836065573770493,6.1
406,大場　達也,,,,,,,6.0,,,,,6.0,0.9836065573770493,6.1
316,福地　元春,,,,5.0,16.0,,,,,,,21.0,0.9813084112149534,21.4
450,乾　真大,,,5.0,3.0,10.0,2.0,22.0,32.0,9.0,,,83.0,0.9810874704491727,84.6
160,有銘　兼久,,,,,,,,0.0,9.0,12.0,42.0,63.0,0.9797822706065317,64.30000000000001
286,神内　靖,,,,,,,8.0,24.0,2.0,17.0,33.0,84.0,0.9790209790209788,85.80000000000001
810,青山　大紀,オリックス,2.0,2.0,5.0,,,,,,,,9.0,0.9782608695652175,9.2
734,メンデス,,,9.0,,,,,,,,,9.0,0.9782608695652175,9.2
80,東　克樹,DeNA,126.0,,,,,,,,,,126.0,0.9767441860465116,129.0
377,大石　達也,西武,7.0,17.0,36.0,3.0,,44.0,24.0,,,,131.0,0.973254086181278,134.6
145,又吉　克樹,中日,24.0,78.0,55.0,82.0,104.0,,,,,,343.0,0.9727736812251843,352.6
799,ランドルフ,,,,,,,,,,83.0,59.0,142.0,0.9726027397260274,146.0
855,飯田　哲矢,広島,16.0,8.0,4.0,11.0,,,,,,,39.0,0.9725685785536159,40.1
899,小林宏,,,,,,10.0,,,45.0,53.0,,108.0,0.9720972097209721,111.1
739,モレノ,阪神,6.0,,,,,,,,,,6.0,0.9677419354838709,6.2
94,南川　忠亮,西武,6.0,5.0,1.0,,,,,,,,12.0,0.9677419354838709,12.4
746,公文　克彦,日本ハム,47.0,33.0,12.0,,,4.0,,,,,96.0,0.96579476861167,99.4
495,加藤　拓也,,,28.0,,,,,,,,,28.0,0.9621993127147765,29.1
386,ヤングマン,巨人,25.0,,,,,,,,,,25.0,0.9615384615384616,26.0
24,建山　義紀,,,,,,3.0,,,,59.0,43.0,105.0,0.960658737419945,109.30000000000001
680,松坂　大輔,中日,47.0,,2.0,,,,,,,,49.0,0.958904109589041,51.1
355,浅尾　拓也,中日,6.0,5.0,,34.0,20.0,19.0,29.0,100.0,75.0,96.0,384.0,0.9588014981273408,400.5
481,藤平　尚真,楽天,49.0,44.0,,,,,,,,,93.0,0.95679012345679,97.2
767,今永　昇太,DeNA,62.0,140.0,136.0,,,,,,,,338.0,0.956694027738466,353.29999999999995
403,飯田　優也,,,17.0,35.0,44.0,59.0,,,,,,155.0,0.9550215650030807,162.3
276,森　唯斗,ソフトバンク,55.0,60.0,51.0,66.0,54.0,,,,,,286.0,0.9549248747913188,299.5
536,一岡　竜司,広島,51.0,58.0,21.0,35.0,27.0,8.0,3.0,,,,203.0,0.9548447789275635,212.6
700,今村　猛,広島,29.0,69.0,87.0,22.0,16.0,56.0,89.0,76.0,0.0,,444.0,0.9548387096774195,464.99999999999994
754,山口　俊,巨人,132.0,22.0,121.0,119.0,96.0,48.0,62.0,48.0,78.0,68.0,794.0,0.9545563837460928,831.8000000000001
462,ロンドン,,,4.0,,,,,,,,,4.0,0.9523809523809523,4.2
228,越智　大祐,,,,,,,,0.0,43.0,49.0,70.0,162.0,0.9518213866039954,170.2
627,和田　毅,,,34.0,157.0,,,,,168.0,169.0,87.0,615.0,0.9499536607970344,647.4
143,岸田　護,オリックス,9.0,4.0,11.0,54.0,67.0,53.0,49.0,74.0,96.0,124.0,541.0,0.948956323452026,570.1
46,シコースキー,,,,,,,,,3.0,48.0,73.0,124.0,0.943683409436834,131.4
107,三嶋　一輝,DeNA,71.0,17.0,15.0,67.0,24.0,145.0,,,,,339.0,0.9432387312186978,359.4
47,青山　浩二,楽天,33.0,16.0,46.0,58.0,49.0,60.0,54.0,64.0,63.0,53.0,496.0,0.9426073736221968,526.2
881,西村　憲,,,,,,,0.0,,21.0,71.0,8.0,100.0,0.9407337723424269,106.30000000000001
566,床田　寛樹,,,16.0,,,,,,,,,16.0,0.935672514619883,17.1
54,ロメロ,,,,,,,,,36.0,9.0,,45.0,0.933609958506224,48.2
537,植村　祐介,,,,,,,,12.0,,,2.0,14.0,0.9333333333333333,15.0
402,岩崎　優,阪神,58.0,88.0,59.0,57.0,76.0,,,,,,338.0,0.9326710816777043,362.4
517,秋親,,,,,,,,,,29.0,,29.0,0.932475884244373,31.1
488,馬原　孝浩,,,,,2.0,42.0,4.0,,33.0,49.0,67.0,197.0,0.9305621162021728,211.70000000000002
185,伊藤　義弘,,,,,1.0,3.0,14.0,3.0,48.0,65.0,63.0,197.0,0.9305621162021728,211.70000000000002
125,メッセンジャー,阪神,129.0,155.0,177.0,194.0,226.0,183.0,166.0,122.0,48.0,,1400.0,0.930294371719051,1504.9
772,杉浦　稔大,日本ハム,7.0,9.0,45.0,25.0,28.0,,,,,,114.0,0.9298531810766721,122.6
320,スパイアー,,,,,,,,,27.0,,,27.0,0.9278350515463917,29.1
590,桑原　謙太朗,阪神,49.0,63.0,,5.0,6.0,10.0,1.0,18.0,19.0,17.0,188.0,0.9270216962524656,202.79999999999998
429,田中　将大,,,,,,,183.0,169.0,241.0,119.0,171.0,883.0,0.9243169684915734,955.3
578,岩貞　祐太,阪神,98.0,93.0,156.0,11.0,21.0,,,,,,379.0,0.9234892787524366,410.40000000000003
128,アコスタ,,,,,,,12.0,,,,,12.0,0.9230769230769231,13.0
313,木村　文和,,,,,,,,,,,25.0,25.0,0.9225092250922509,27.1
141,バリオス,DeNA,35.0,,16.0,34.0,3.0,,,,,,88.0,0.9214659685863874,95.5
868,萩原　淳,,,,,,,,,,,36.0,36.0,0.9207161125319693,39.1
371,リーチ,,,,,,,,,36.0,,,36.0,0.9207161125319693,39.1
480,二神　一人,,,,,17.0,13.0,,7.0,,,,37.0,0.9203980099502487,40.2
460,森福　允彦,巨人,0.0,18.0,23.0,16.0,47.0,51.0,55.0,45.0,45.0,11.0,311.0,0.9201183431952663,338.0
666,オンドルセク,,,,29.0,62.0,,,,,,,91.0,0.9173387096774195,99.19999999999999
699,甲藤　啓介,,,,,,,,3.0,,74.0,4.0,81.0,0.9173272933182334,88.3
504,西野　勇士,ロッテ,9.0,17.0,36.0,71.0,63.0,106.0,,,,,302.0,0.9168184578020644,329.4
360,井上　公志,,,,,,,11.0,,,,,11.0,0.9166666666666666,12.0
174,グウィン,,,,,,,,,,,44.0,44.0,0.9166666666666666,48.0
366,秋吉　亮,ヤクルト,20.0,39.0,68.0,81.0,62.0,,,,,,270.0,0.9149440867502541,295.1
862,小山　伸一郎,,,,,0.0,6.0,42.0,42.0,51.0,54.0,74.0,269.0,0.9146548792927577,294.09999999999997
266,シェッパーズ,ロッテ,34.0,,,,,,,,,,34.0,0.9139784946236559,37.2
832,岸本　秀樹,,,,,,,,27.0,46.0,45.0,,118.0,0.9133126934984521,129.2
102,宮西　尚生,日本ハム,36.0,24.0,36.0,30.0,46.0,39.0,56.0,56.0,49.0,55.0,427.0,0.9104477611940298,469.0
115,ミルズ,,,,,,,2.0,,,,,2.0,0.9090909090909091,2.2
358,山崎　正貴,,,,,,,,,,1.0,,1.0,0.9090909090909091,1.1
1,梶本　達哉,,,,,,,,,1.0,,,1.0,0.9090909090909091,1.1
776,南　昌輝,ロッテ,29.0,13.0,58.0,,23.0,28.0,22.0,,,,173.0,0.9076600209863589,190.6
890,久保　裕也,楽天,18.0,17.0,8.0,,51.0,,1.0,67.0,96.0,25.0,283.0,0.9061799551713096,312.3
356,高木　京介,巨人,1.0,,,43.0,26.0,40.0,28.0,,,,138.0,0.905511811023622,152.4
554,石田　健大,DeNA,74.0,103.0,132.0,58.0,,,,,,,367.0,0.9034958148695225,406.2
790,谷川　昌希,阪神,11.0,,,,,,,,,,11.0,0.9016393442622951,12.2
298,久古　健太郎,,,1.0,27.0,23.0,22.0,33.0,6.0,31.0,,,143.0,0.9005037783375314,158.8
113,ペレス,,,,19.0,,,,,,,,19.0,0.9004739336492891,21.1
671,アッチソン,,,,,,,,,,,81.0,81.0,0.9,90.0
867,宮﨑　敦次,,,7.0,2.0,,,,,,,,9.0,0.9,10.0
865,山本　由伸,オリックス,44.0,20.0,,,,,,,,,64.0,0.8963585434173669,71.4
282,小林　宏之,,,,,,,,,,,120.0,120.0,0.894854586129754,134.1
780,菊池　雄星,西武,126.0,217.0,127.0,122.0,111.0,92.0,57.0,24.0,,,876.0,0.8940600122473975,979.8
858,江村　将也,,,,,,13.0,24.0,,,,,37.0,0.8937198067632851,41.4
198,徳山　武陽,,,,3.0,50.0,15.0,,,,,,68.0,0.8923884514435695,76.2
777,ジョーダン,,,66.0,108.0,,,,,,,,174.0,0.8918503331624809,195.1
469,マイコラス,,,187.0,84.0,107.0,,,,,,,378.0,0.8910891089108911,424.2
33,戸根　千明,,,11.0,25.0,39.0,,,,,,,75.0,0.8907363420427553,84.2
789,佐藤　優,中日,40.0,8.0,18.0,,,,,,,,66.0,0.8906882591093118,74.1
829,ミランダ,ソフトバンク,17.0,,,,,,,,,,17.0,0.8900523560209423,19.1
301,澤村　拓一,巨人,54.0,,55.0,60.0,66.0,148.0,138.0,174.0,,,695.0,0.8867057922939526,783.8
502,朝井　秀樹,,,,,,,,,,,25.0,25.0,0.8865248226950355,28.2
182,菅原　秀,楽天,16.0,26.0,,,,,,,,,42.0,0.8860759493670887,47.4
761,菅野　智之,巨人,161.0,171.0,189.0,126.0,122.0,155.0,,,,,924.0,0.885566417481311,1043.4
212,中田　廉,広島,10.0,50.0,6.0,4.0,69.0,21.0,26.0,4.0,17.0,,207.0,0.8846153846153846,234.0
207,薮田　安彦,,,,,,,,43.0,57.0,57.0,,157.0,0.8840090090090089,177.60000000000002
341,ジオ,,,,,,,,42.0,88.0,97.0,,227.0,0.8825816485225506,257.2
533,筒井　和也,,,,0.0,7.0,33.0,39.0,46.0,12.0,15.0,45.0,197.0,0.8814317673378077,223.49999999999997
336,清水　昭信,,,,,,,2.0,,,56.0,4.0,62.0,0.8806818181818181,70.4
251,榎田　大樹,西武,80.0,6.0,32.0,8.0,42.0,78.0,37.0,71.0,,,354.0,0.8803780154190499,402.1
484,江草　仁貴,,,,5.0,7.0,6.0,1.0,15.0,6.0,15.0,65.0,120.0,0.8797653958944281,136.4
836,久保田　智之,,,,,,,14.0,2.0,26.0,68.0,3.0,113.0,0.8793774319066148,128.5
605,山本　一徳,,,,,,,,,12.0,9.0,3.0,24.0,0.8791208791208791,27.3
804,永川　勝浩,広島,12.0,,8.0,27.0,48.0,28.0,,22.0,10.0,48.0,203.0,0.8761329305135952,231.7
253,大久保　勝信,,,,,,,,,,6.0,36.0,42.0,0.875,48.0
127,能見　篤史,阪神,38.0,119.0,126.0,125.0,151.0,127.0,172.0,186.0,57.0,154.0,1255.0,0.8745644599303137,1434.9999999999998
101,笠谷　俊介,ソフトバンク,4.0,5.0,,,,,,,,,9.0,0.8737864077669902,10.3
640,金子　千尋,オリックス,72.0,141.0,125.0,79.0,199.0,200.0,56.0,123.0,190.0,165.0,1350.0,0.8727695888285493,1546.8
558,笠原　祥太郎,中日,68.0,43.0,,,,,,,,,111.0,0.8719560094265515,127.3
589,柳瀬　明宏,,,0.0,1.0,13.0,27.0,36.0,,,,2.0,79.0,0.8710033076074972,90.7
735,森本　将太,,,,,2.0,,25.0,,,,,27.0,0.8709677419354839,31.0
239,加藤　武治,,,,,,,,,,16.0,11.0,27.0,0.8709677419354839,31.0
333,金　無英,,,,1.0,,23.0,27.0,28.0,17.0,,1.0,97.0,0.8707360861759426,111.4
342,豊田　清,,,,,,,,,20.0,18.0,32.0,70.0,0.8706467661691542,80.4
632,今井　達也,西武,47.0,,,,,,,,,,47.0,0.8703703703703703,54.0
43,イ・デウン,,,,2.0,106.0,,,,,,,108.0,0.8695652173913043,124.2
68,山岸　穣,,,,,,,,,1.0,8.0,5.0,14.0,0.8695652173913043,16.1
846,増田　達至,西武,14.0,58.0,53.0,62.0,37.0,44.0,,,,,268.0,0.8684381075826313,308.59999999999997
270,誠,,,8.0,4.0,,3.0,,,,,,15.0,0.8670520231213874,17.299999999999997
769,宋　家豪,楽天,27.0,,,,,,,,,,27.0,0.8653846153846154,31.2
830,蕭　一傑,,,,,,,,,7.0,,,7.0,0.8641975308641976,8.1
227,吉川　昌宏,,,,,,,,,,6.0,8.0,14.0,0.8641975308641976,16.2
643,柳　裕也,中日,39.0,45.0,,,,,,,,,84.0,0.8641975308641975,97.2
235,古川　秀一,,,,,3.0,,2.0,16.0,9.0,23.0,,53.0,0.8631921824104235,61.4
430,益田　直也,ロッテ,49.0,29.0,36.0,42.0,57.0,66.0,57.0,,,,336.0,0.863087593115849,389.29999999999995
455,ハウザー,,,,,,,32.0,,,,,32.0,0.8625336927223719,37.1
586,田島　慎二,中日,13.0,46.0,61.0,62.0,55.0,60.0,56.0,,,,353.0,0.8616060532096657,409.7
692,石川　柊太,ソフトバンク,83.0,99.0,,,,,,,,,182.0,0.8613345953620445,211.3
633,アルバラデホ,,,,,,,,,44.0,,,44.0,0.8610567514677103,51.1
556,島本　浩也,阪神,2.0,,24.0,12.0,,,,,,,38.0,0.8577878103837472,44.3
230,土田　瑞起,,,,6.0,13.0,8.0,,,,,,27.0,0.8571428571428572,31.499999999999996
521,熊原　健人,,,17.0,25.0,,,,,,,,42.0,0.8571428571428571,49.0
885,サターホワイト,,,,18.0,,,,,,,,18.0,0.8571428571428571,21.0
603,柳川　洋平,,,,,,,,,6.0,,,6.0,0.8571428571428571,7.0
290,ウィーランド,DeNA,73.0,112.0,,,,,,,,,185.0,0.8560851457658492,216.1
110,高橋　尚成,,,,,4.0,,,,,,126.0,130.0,0.8547008547008548,152.1
335,片山　博視,,,,,,0.0,22.0,21.0,55.0,59.0,,157.0,0.8546543277082198,183.70000000000002
457,岸　孝之,楽天,140.0,189.0,104.0,91.0,126.0,138.0,150.0,106.0,110.0,138.0,1292.0,0.854440843859533,1512.1000000000001
833,フォッサム,,,,,,,,,,48.0,,48.0,0.8540925266903914,56.2
613,ファンミル,,,,,,7.0,,,,,,7.0,0.853658536585366,8.2
642,馬場　皐輔,阪神,7.0,,,,,,,,,,7.0,0.853658536585366,8.2
265,シュルツ,,,,,,,1.0,,7.0,8.0,72.0,88.0,0.8535402521823473,103.1
828,レスター,,,,,,,,,,33.0,20.0,53.0,0.8520900321543408,62.2
549,山岡　泰輔,オリックス,93.0,133.0,,,,,,,,,226.0,0.8493047726418639,266.1
468,鍵谷　陽平,日本ハム,19.0,46.0,38.0,32.0,27.0,42.0,,,,,204.0,0.8471760797342193,240.8
807,佐藤　峻一,,,,6.0,,,,,,,,6.0,0.8450704225352114,7.1
50,クルーズ,,,,,42.0,24.0,,,,,,66.0,0.8450704225352114,78.1
224,ピント,,,,,,,,6.0,,,,6.0,0.8450704225352114,7.1
569,金子　丈,,,,0.0,12.0,,,,,,,12.0,0.8450704225352114,14.2
705,由規,ヤクルト,37.0,46.0,18.0,,,,,83.0,149.0,91.0,424.0,0.8449581506576325,501.8
493,国吉　佑樹,DeNA,13.0,3.0,2.0,28.0,59.0,10.0,95.0,,,,210.0,0.8443908323281062,248.7
623,鈴木　博志,中日,39.0,,,,,,,,,,39.0,0.8441558441558441,46.2
272,比嘉　幹貴,オリックス,21.0,12.0,10.0,5.0,48.0,54.0,5.0,21.0,12.0,,188.0,0.8430493273542602,222.99999999999997
441,松岡　健一,ヤクルト,13.0,28.0,39.0,31.0,35.0,64.0,5.0,43.0,69.0,53.0,380.0,0.8429458740017746,450.8
119,ネイラー,,,,34.0,41.0,,,,,,,75.0,0.8426966292134831,89.0
875,福原　忍,,,,6.0,40.0,47.0,38.0,43.0,59.0,20.0,45.0,298.0,0.8422837761447144,353.80000000000007
490,前田　健太,,,,,175.0,161.0,158.0,171.0,192.0,174.0,147.0,1178.0,0.8422708422708424,1398.6
529,小林正,,,,,,,,17.0,,,,17.0,0.8415841584158417,20.2
351,武田　翔太,ソフトバンク,80.0,60.0,144.0,163.0,43.0,56.0,67.0,,,,613.0,0.8415705656232839,728.4
731,カーペンター,,,,,,27.0,,,,,,27.0,0.8411214953271028,32.1
424,平田　真吾,DeNA,27.0,29.0,2.0,27.0,7.0,,,,,,92.0,0.8409506398537477,109.39999999999999
321,日高　亮,,,,,,,1.0,40.0,13.0,,,54.0,0.8398133748055986,64.30000000000001
21,二木　康太,ロッテ,71.0,128.0,81.0,3.0,,,,,,,283.0,0.83926453143535,337.2
105,安部　建輝,,,,,6.0,6.0,0.0,,,,,12.0,0.8391608391608392,14.3
461,野田　昇吾,西武,33.0,26.0,15.0,,,,,,,,74.0,0.8380520951302377,88.30000000000001
876,岡田　俊哉,中日,11.0,4.0,66.0,55.0,51.0,67.0,,,,,254.0,0.8369028006589786,303.5
724,石山　泰稚,ヤクルト,50.0,76.0,10.0,78.0,79.0,59.0,,,,,352.0,0.8368996671421778,420.6
375,チェン・グァンユウ,ロッテ,21.0,59.0,23.0,47.0,,,,,,,150.0,0.8361204013377926,179.4
233,中田　賢一,ソフトバンク,76.0,78.0,67.0,130.0,116.0,83.0,106.0,26.0,105.0,73.0,860.0,0.8352758352758354,1029.6
753,高宮　和也,,,,10.0,27.0,14.0,1.0,0.0,21.0,11.0,6.0,90.0,0.8341056533827618,107.9
629,東浜　巨,ソフトバンク,66.0,139.0,100.0,23.0,30.0,25.0,,,,,383.0,0.8336961253809316,459.40000000000003
531,田中　英祐,,,,,5.0,,,,,,,5.0,0.8333333333333334,6.0
503,正津　英志,,,,,,,,,,,1.0,1.0,0.8333333333333334,1.2
849,鎌田　祐哉,,,,,,,,,,,10.0,10.0,0.8333333333333334,12.0
175,髙木　伴,,,,5.0,,,,,,,,5.0,0.8333333333333334,6.0
759,オーレンドルフ,,,15.0,,,,,,,,,15.0,0.8333333333333334,18.0
729,丸山　泰資,,,10.0,,,,,,,,,10.0,0.8333333333333334,12.0
62,ザラテ,,,,,,,1.0,,,,,1.0,0.8333333333333334,1.2
409,丸山　貴史,,,,,,,,,,,6.0,6.0,0.8333333333333333,7.2
649,黄　志龍,,,,,,,,,,6.0,,6.0,0.8333333333333333,7.2
553,福谷　浩司,中日,26.0,26.0,23.0,25.0,72.0,4.0,,,,,176.0,0.831365139348134,211.70000000000002
191,攝津　正,ソフトバンク,23.0,21.0,21.0,92.0,85.0,146.0,153.0,150.0,89.0,102.0,882.0,0.8312128922815947,1061.1
240,李　恵踐,,,,,,,,,,18.0,27.0,45.0,0.8302583025830258,54.2
866,大場　翔太,,,,,,6.0,29.0,41.0,51.0,9.0,77.0,213.0,0.8297623685235682,256.70000000000005
165,大瀬良　大地,広島,128.0,109.0,24.0,97.0,116.0,,,,,,474.0,0.8276584599266633,572.6999999999999
821,大島　崇行,,,,,,,,0.0,8.0,46.0,9.0,63.0,0.8256880733944955,76.3
238,入野　貴大,,,2.0,4.0,24.0,,,,,,,30.0,0.8241758241758242,36.4
64,田中　健二朗,DeNA,14.0,36.0,39.0,29.0,17.0,11.0,27.0,1.0,12.0,,186.0,0.8237378210806022,225.8
571,濱田　達郎,,,,0.0,9.0,72.0,,,,,,81.0,0.823170731707317,98.4
194,星野　智樹,,,,,,,4.0,4.0,20.0,10.0,25.0,63.0,0.8224543080939949,76.6
31,岡島　秀樹,,,,,7.0,36.0,,36.0,,,,79.0,0.8186528497409327,96.5
447,梅野　雄吾,ヤクルト,10.0,8.0,,,,,,,,,18.0,0.8181818181818182,22.0
379,三瀬　幸司,,,,,,1.0,14.0,5.0,25.0,,19.0,64.0,0.817369093231162,78.30000000000001
363,岩尾　利弘,,,,1.0,29.0,21.0,3.0,,,0.0,,54.0,0.816944024205749,66.1
509,東條　大樹,,,17.0,6.0,,,,,,,,23.0,0.8156028368794327,28.2
15,薮田　和樹,広島,18.0,115.0,21.0,18.0,,,,,,,172.0,0.8143939393939394,211.2
500,近藤　一樹,ヤクルト,67.0,55.0,,24.0,7.0,6.0,3.0,53.0,133.0,91.0,439.0,0.8141691394658754,539.1999999999999
92,萬谷　康平,,,,,4.0,23.0,,,,,,27.0,0.8132530120481927,33.2
422,石井　一久,,,,,,,5.0,74.0,94.0,93.0,131.0,397.0,0.8128583128583129,488.4
765,押本　健彦,,,,,,6.0,19.0,49.0,61.0,56.0,45.0,236.0,0.81267217630854,290.4
637,カブレラ,,,,,,59.0,98.0,,,,,157.0,0.8126293995859214,193.2
317,高橋　秀聡,,,,,,,,2.0,3.0,16.0,42.0,63.0,0.8118556701030927,77.60000000000001
344,阿知羅　拓馬,,,8.0,14.0,,,,,,,,22.0,0.8118081180811808,27.1
73,岩橋　慶侍,,,8.0,10.0,0.0,13.0,,,,,,31.0,0.8115183246073298,38.2
436,橋本　健太郎,,,,,,,,12.0,,5.0,1.0,18.0,0.8108108108108109,22.2
296,小川　泰弘,ヤクルト,78.0,109.0,114.0,128.0,108.0,135.0,,,,,672.0,0.8105174285369677,829.1
223,横山　竜士,,,,,,3.0,24.0,15.0,1.0,48.0,56.0,147.0,0.8103638368246968,181.4
784,ハフ,ヤクルト,68.0,,,,,,,,,,68.0,0.8095238095238095,84.0
653,高橋　昂也,広島,17.0,,,,,,,,,,17.0,0.8095238095238095,21.0
327,藤江　均,,,,,2.0,14.0,21.0,42.0,41.0,34.0,24.0,178.0,0.8090909090909092,219.99999999999997
132,矢貫　俊之,,,,11.0,,18.0,59.0,23.0,4.0,22.0,,137.0,0.8087367178276269,169.4
305,野間口　貴彦,,,,,,,,2.0,10.0,12.0,28.0,52.0,0.8087091757387248,64.3
743,矢地　健人,,,,,11.0,,9.0,7.0,0.0,0.0,,27.0,0.8083832335329342,33.4
449,東野　峻,,,,,0.0,,15.0,2.0,115.0,140.0,133.0,405.0,0.8080606544293695,501.20000000000005
38,小川　龍也,西武,3.0,9.0,34.0,1.0,5.0,0.0,3.0,1.0,,,56.0,0.8069164265129682,69.4
544,齋藤　綱記,オリックス,3.0,,2.0,,,,,,,,5.0,0.8064516129032258,6.2
545,マーフィー,,,,,,,,,33.0,125.0,,158.0,0.8061224489795918,196.0
70,ソーサ,,,,,,14.0,54.0,50.0,,,,118.0,0.8060109289617486,146.4
408,瀬川　隼郎,,,,0.0,9.0,,,,,,,9.0,0.8035714285714286,11.2
808,Ｃ．Ｃ．リー,,,,13.0,,,,,,,,13.0,0.8024691358024691,16.2
615,三ツ間　卓也,中日,5.0,29.0,,,,,,,,,34.0,0.8018867924528301,42.400000000000006
730,ベイル,,,,,,,,,,21.0,,21.0,0.8015267175572519,26.2
423,林　昌範,,,,,10.0,34.0,8.0,26.0,2.0,25.0,42.0,147.0,0.8015267175572519,183.4
161,横山　道哉,,,,,,,,,,,12.0,12.0,0.8,15.0
393,林　イー豪,,,,,,,,,,4.0,,4.0,0.8,5.0
262,大原　慎司,,,,14.0,13.0,28.0,38.0,20.0,36.0,,,149.0,0.7984994640943194,186.6
675,中﨑　翔太,広島,49.0,36.0,54.0,,,,,,,,139.0,0.7974756167527252,174.3
716,大田　阿斗里,,,,2.0,,2.0,32.0,,,,,36.0,0.7964601769911503,45.2
626,ガルシア,中日,114.0,,,,,,,,,,114.0,0.7960893854748604,143.2
425,木谷　寿巳,,,,,,,,,,11.0,17.0,28.0,0.7954545454545454,35.2
620,藤岡　好明,DeNA,7.0,3.0,,2.0,8.0,15.0,34.0,8.0,57.0,82.0,216.0,0.7944097094520045,271.9
399,上原　健太,日本ハム,13.0,29.0,1.0,,,,,,,,43.0,0.7918968692449355,54.300000000000004
211,ブリガム,,,,27.0,,,,,,,,27.0,0.7917888563049853,34.1
641,宮川　将,,,,,,32.0,33.0,,,,,65.0,0.7917174177831913,82.1
418,小笠原　慎之介,中日,73.0,105.0,58.0,,,,,,,,236.0,0.7914151576123407,298.2
709,佐竹　健太,,,,,,,,1.0,15.0,20.0,22.0,58.0,0.791268758526603,73.3
216,斎藤　隆,,,,,1.0,21.0,25.0,,,,,47.0,0.7912457912457912,59.400000000000006
123,木村　正太,,,,,,,,,,,23.0,23.0,0.7903780068728522,29.1
88,モルケン,,,,,,,5.0,18.0,,,,23.0,0.7903780068728522,29.1
874,中山　慎也,,,,,10.0,38.0,10.0,93.0,119.0,40.0,13.0,323.0,0.7897310513447434,408.99999999999994
340,髙橋　遥人,阪神,27.0,,,,,,,,,,27.0,0.7894736842105262,34.2
413,高梨　裕稔,日本ハム,78.0,100.0,86.0,7.0,,,,,,,271.0,0.7891671520093185,343.40000000000003
834,ラズナー,,,,,,,40.0,32.0,46.0,118.0,52.0,288.0,0.7879616963064295,365.5
287,山田　修義,オリックス,19.0,13.0,43.0,12.0,,1.0,7.0,,0.0,,95.0,0.7870753935376968,120.69999999999999
427,福　敬登,,,7.0,31.0,,,,,,,,38.0,0.7867494824016562,48.300000000000004
48,原　樹理,ヤクルト,78.0,115.0,33.0,,,,,,,,226.0,0.7866341802993386,287.3
838,石橋　良太,,,,4.0,,,,,,,,4.0,0.7843137254901962,5.1
494,谷元　圭介,中日,8.0,,44.0,47.0,63.0,53.0,39.0,45.0,12.0,20.0,331.0,0.7821361058601133,423.20000000000005
432,辻　孟彦,,,,,,,15.0,,,,,15.0,0.78125,19.2
217,加藤　大輔,,,,,,,4.0,37.0,,15.0,53.0,109.0,0.7808022922636102,139.60000000000002
200,デイビーズ,,,,64.0,,,,,,,,64.0,0.7804878048780488,82.0
337,青柳　晃洋,阪神,5.0,50.0,52.0,,,,,,,,107.0,0.7793153678077204,137.29999999999998
177,山口　鉄也,,,10.0,28.0,31.0,42.0,55.0,68.0,38.0,85.0,62.0,419.0,0.7786656755249953,538.1
667,久本　祐一,,,,2.0,,10.0,60.0,6.0,20.0,4.0,,102.0,0.7786259541984732,131.0
779,ボイヤー,,,,,,,21.0,,,,,21.0,0.7777777777777778,27.0
715,寺原　早人,,,,,,,,,,42.0,,42.0,0.7777777777777778,54.0
634,ユウキ,,,,,,,,,,1.0,77.0,78.0,0.7776669990029911,100.3
405,上沢　直之,日本ハム,121.0,74.0,,43.0,105.0,,,,,,343.0,0.7768969422423556,441.5
677,ＭＩＣＨＥＡＬ,,,,,,,,20.0,3.0,33.0,,56.0,0.7766990291262137,72.1
785,西原　圭大,,,,2.0,3.0,13.0,,,,,,18.0,0.7758620689655171,23.200000000000003
234,佐藤　祥万,広島,6.0,6.0,3.0,,,3.0,4.0,4.0,4.0,,30.0,0.7751937984496123,38.7
524,西　勇輝,オリックス,103.0,88.0,108.0,143.0,119.0,137.0,87.0,106.0,31.0,2.0,924.0,0.7751027598355842,1192.1000000000001
12,福井　優也,広島,13.0,15.0,63.0,99.0,36.0,14.0,53.0,120.0,,,413.0,0.774859287054409,533.0
740,バンヘッケン,,,,35.0,,,,,,,,35.0,0.7743362831858407,45.2
616,河野　秀数,,,,,,14.0,24.0,,,,,38.0,0.7739307535641547,49.1
400,砂田　毅樹,DeNA,35.0,49.0,34.0,57.0,,,,,,,175.0,0.7733097657976138,226.3
196,岡田　明丈,広島,108.0,109.0,60.0,,,,,,,,277.0,0.773095171643874,358.29999999999995
805,吉田　一将,オリックス,46.0,31.0,36.0,25.0,62.0,,,,,,200.0,0.7727975270479134,258.8
82,小林　正人,,,,,,1.0,7.0,,26.0,16.0,19.0,69.0,0.7726763717805151,89.30000000000001
788,秋山　拓巳,阪神,89.0,123.0,20.0,9.0,5.0,36.0,6.0,1.0,23.0,,312.0,0.7726597325408617,403.80000000000007
148,鈴木　翔太,,,51.0,,2.0,8.0,,,,,,61.0,0.7721518987341772,79.0
250,ウォーランド,,,,,,,,,,,85.0,85.0,0.7713248638838476,110.2
452,ホールトン,,,,,,,67.0,132.0,121.0,69.0,138.0,527.0,0.7712571344943656,683.3
561,八木　亮祐,,,,,5.0,76.0,122.0,13.0,,,,216.0,0.7708779443254818,280.2
861,石井　裕也,,,4.0,16.0,26.0,6.0,35.0,18.0,22.0,8.0,18.0,153.0,0.7700050327126321,198.7
844,河内　貴哉,,,,,0.0,6.0,15.0,13.0,,,,34.0,0.7674943566591421,44.300000000000004
580,小野　泰己,阪神,73.0,63.0,,,,,,,,,136.0,0.7666290868094701,177.4
58,松本　幸大,,,,,,,10.0,1.0,,6.0,1.0,18.0,0.7659574468085107,23.499999999999996
248,岡本　慎也,,,,,,,,,,,17.0,17.0,0.7657657657657658,22.2
346,木村　雄太,,,,,,,,7.0,10.0,,,17.0,0.7657657657657658,22.2
93,田口　麗斗,巨人,54.0,122.0,126.0,64.0,,,,,,,366.0,0.7652101191720678,478.29999999999995
514,ジョンソン,広島,94.0,53.0,141.0,150.0,,,,,,,438.0,0.7650655021834061,572.5
684,松永　昂大,ロッテ,28.0,31.0,27.0,24.0,21.0,65.0,,,,,196.0,0.7644305772230889,256.4
530,澤田　圭佑,オリックス,31.0,5.0,,,,,,,,,36.0,0.7643312101910827,47.1
599,西村　健太朗,,,34.0,25.0,0.0,39.0,71.0,58.0,91.0,38.0,10.0,366.0,0.7642514094800585,478.9
822,カルロス・ロサ,,,,,21.0,27.0,48.0,13.0,48.0,,,157.0,0.7636186770428015,205.60000000000002
478,金田　和之,オリックス,14.0,34.0,1.0,8.0,41.0,,,,,,98.0,0.7632398753894081,128.4
744,新垣　渚,,,,23.0,70.0,6.0,13.0,56.0,,,15.0,183.0,0.7631359466221852,239.79999999999998
404,岩田　稔,阪神,18.0,39.0,14.0,119.0,116.0,25.0,107.0,133.0,,103.0,674.0,0.7623571994118312,884.1
718,チェン,,,,,,,,,94.0,153.0,146.0,393.0,0.7613328167376985,516.2
419,秦　裕二,,,,,,,,,,7.0,,7.0,0.7608695652173914,9.2
492,東明　大貴,オリックス,10.0,5.0,100.0,118.0,80.0,,,,,,313.0,0.7606318347509115,411.49999999999994
879,増渕　竜義,,,,,,,3.0,63.0,91.0,50.0,4.0,211.0,0.7603603603603604,277.5
499,福盛　和男,,,,,,,,,,1.0,34.0,35.0,0.7592190889370932,46.1
412,平井　諒,,,3.0,24.0,,,8.0,10.0,,,,45.0,0.7588532883642495,59.300000000000004
72,マエストリ,,,,,34.0,48.0,42.0,40.0,,,,164.0,0.7578558225508318,216.39999999999998
721,大隣　憲司,ロッテ,0.0,1.0,4.0,35.0,45.0,29.0,134.0,33.0,91.0,107.0,479.0,0.7575517950340029,632.3
774,三上　朋也,DeNA,34.0,29.0,36.0,20.0,67.0,,,,,,186.0,0.7573289902280129,245.60000000000002
584,高木　勇人,西武,10.0,15.0,91.0,131.0,,,,,,,247.0,0.7565084226646248,326.5
707,一場　靖弘,,,,,,,,,5.0,,27.0,32.0,0.7565011820330968,42.300000000000004
880,小野寺　力,,,,,,,,4.0,2.0,28.0,45.0,79.0,0.7552581261950287,104.6
444,阿部　健太,,,,,,11.0,18.0,9.0,,,24.0,62.0,0.7551766138855055,82.1
628,加藤　貴之,日本ハム,68.0,99.0,64.0,,,,,,,,231.0,0.7544088830829524,306.2
471,大野　雄大,中日,21.0,117.0,85.0,154.0,119.0,117.0,41.0,2.0,,,656.0,0.7541096677779054,869.9000000000001
697,小山　雄輝,,,4.0,12.0,10.0,71.0,31.0,28.0,8.0,,,164.0,0.7536764705882353,217.6
63,加賀美　希昇,,,,,,18.0,23.0,40.0,6.0,,,87.0,0.7532467532467533,115.5
551,小松　聖,,,,1.0,13.0,1.0,32.0,45.0,0.0,58.0,74.0,224.0,0.7521826729348557,297.79999999999995
451,中川　皓太,巨人,22.0,19.0,2.0,,,,,,,,43.0,0.7517482517482517,57.2
85,モスコーソ,,,,65.0,54.0,96.0,,,,,,215.0,0.7512229210342418,286.2
722,成瀬　善久,,,10.0,42.0,46.0,88.0,51.0,122.0,151.0,192.0,156.0,858.0,0.7510504201680671,1142.4
820,クライン,,,27.0,,,,,,,,,27.0,0.75,36.0
636,長谷川　昌幸,,,,,,,,,,,24.0,24.0,0.75,32.0
23,山本　徹矢,,,,,,,,,12.0,,,12.0,0.75,16.0
275,ボウデン,,,,,,30.0,,,,,,30.0,0.75,40.0
851,ワグナー,西武,24.0,,,,,,,,,,24.0,0.75,32.0
864,ブラゾバン,,,,,,,,,12.0,,,12.0,0.75,16.0
219,永井　怜,,,,,1.0,7.0,31.0,22.0,77.0,125.0,144.0,407.0,0.7498157700810613,542.8
800,池田　駿,巨人,10.0,33.0,,,,,,,,,43.0,0.7491289198606271,57.400000000000006
594,森　雄大,楽天,4.0,17.0,,17.0,22.0,,,,,,60.0,0.7481296758104737,80.2
555,多和田　真三郎,西武,87.0,74.0,91.0,,,,,,,,252.0,0.7468879668049793,337.4
431,加治屋　蓮,ソフトバンク,42.0,2.0,1.0,,,,,,,,45.0,0.7462686567164178,60.300000000000004
459,髙橋　光成,西武,7.0,30.0,89.0,,,,,,,,126.0,0.7451212300413956,169.1
16,中崎　翔太,,,,,61.0,32.0,40.0,14.0,,,,147.0,0.7450582868727825,197.3
349,岩隈　久志,,,,,,,,,90.0,153.0,121.0,364.0,0.7443762781186094,489.0
647,安樂　智大,,,37.0,64.0,4.0,,,,,,,105.0,0.744153082919915,141.1
548,江尻　慎太郎,,,,,,2.0,18.0,3.0,38.0,,39.0,100.0,0.7440476190476191,134.4
178,古谷　拓哉,,,,6.0,39.0,68.0,76.0,2.0,14.0,52.0,3.0,260.0,0.7437070938215102,349.6
698,岩田　慎司,,,,0.0,7.0,22.0,14.0,84.0,16.0,19.0,,162.0,0.7434603028912345,217.89999999999998
748,今井　啓介,,,5.0,,11.0,20.0,50.0,70.0,22.0,24.0,28.0,230.0,0.7431340872374798,309.5
818,巽　真悟,,,,,8.0,3.0,18.0,5.0,,4.0,1.0,39.0,0.7414448669201521,52.6
19,アラウホ,,,6.0,,,,,,,,,6.0,0.7407407407407408,8.1
65,吉野　誠,,,,,,,0.0,12.0,26.0,1.0,8.0,47.0,0.7401574803149606,63.5
884,加賀　繁,DeNA,8.0,20.0,17.0,6.0,26.0,33.0,45.0,51.0,83.0,,289.0,0.7395087001023541,390.8
826,荻野　忠寛,,,,,,,2.0,3.0,,,39.0,44.0,0.7394957983193278,59.5
246,菊池　保則,,,9.0,14.0,71.0,36.0,22.0,24.0,3.0,10.0,,189.0,0.7394366197183099,255.6
149,岩瀬　仁紀,中日,23.0,28.0,5.0,,18.0,37.0,30.0,45.0,41.0,34.0,261.0,0.7393767705382436,353.0
904,橋本　義隆,,,,,,,,6.0,17.0,14.0,12.0,49.0,0.7390648567119156,66.3
796,齊藤　大将,西武,9.0,,,,,,,,,,9.0,0.7377049180327869,12.2
669,レデズマ,,,,,,,22.0,1.0,,,,23.0,0.7371794871794872,31.2
108,長田　秀一郎,,,,3.0,18.0,34.0,,26.0,16.0,61.0,4.0,162.0,0.7370336669699727,219.79999999999998
118,種市　篤暉,ロッテ,14.0,,,,,,,,,,14.0,0.7368421052631579,19.0
505,吉見　祐治,,,,,,,12.0,16.0,34.0,,73.0,135.0,0.7360959651035988,183.39999999999998
249,浦野　博司,日本ハム,37.0,17.0,,33.0,78.0,,,,,,165.0,0.735950044603033,224.2
485,ディクソン,オリックス,84.0,86.0,139.0,88.0,118.0,88.0,,,,,603.0,0.7350969157625259,820.3
140,メンドーサ,,,,,,119.0,,,,,,119.0,0.7345679012345679,162.0
577,小杉　陽太,,,,19.0,27.0,1.0,20.0,26.0,7.0,11.0,6.0,117.0,0.7335423197492164,159.5
900,吉川　光夫,巨人,63.0,28.0,65.0,93.0,49.0,125.0,158.0,25.0,20.0,18.0,644.0,0.7334851936218678,878.0000000000001
728,辛島　航,楽天,91.0,74.0,48.0,56.0,99.0,45.0,79.0,,11.0,2.0,505.0,0.7333720592506535,688.6
725,久保　康友,,,33.0,80.0,88.0,119.0,46.0,65.0,73.0,158.0,113.0,775.0,0.733276563534866,1056.9
720,井川　慶,,,,,,28.0,41.0,36.0,,,,105.0,0.7332402234636872,143.2
741,井口　和朋,日本ハム,27.0,13.0,27.0,,,,,,,,67.0,0.7330415754923413,91.4
454,相澤　寿聡,,,,,,,,,0.0,3.0,,3.0,0.7317073170731708,4.1
315,ウルキデス,ヤクルト,3.0,,,,,,,,,,3.0,0.7317073170731708,4.1
665,アンソニー・カーター,,,,,,33.0,,,,,,33.0,0.7317073170731707,45.1
169,守屋　功輝,阪神,2.0,0.0,7.0,,,,,,,,9.0,0.7317073170731707,12.3
546,古川　侑利,楽天,62.0,15.0,4.0,,1.0,,,,,,82.0,0.7314897413024086,112.1
277,高橋　樹也,広島,10.0,9.0,,,,,,,,,19.0,0.7307692307692307,26.0
378,藤岡　貴裕,日本ハム,1.0,5.0,32.0,52.0,97.0,76.0,83.0,,,,346.0,0.729957805907173,474.0
583,小松　剛,,,,,,,,,,19.0,41.0,60.0,0.7299270072992701,82.2
179,松崎　伸吾,,,,,,,,,3.0,16.0,3.0,22.0,0.7284768211920529,30.200000000000003
18,アルバース,オリックス,83.0,,,,,,,,,,83.0,0.7280701754385965,114.0
585,ミコライオ,,,,29.0,,29.0,39.0,54.0,,,,151.0,0.7280617164898746,207.4
2,村中　恭兵,ヤクルト,3.0,6.0,51.0,,22.0,65.0,89.0,60.0,163.0,35.0,494.0,0.7279693486590038,678.6
6,ガラテ,,,,,19.0,,,,,,,19.0,0.7279693486590038,26.1
793,ポーリーノ,,,,32.0,,,,,,,,32.0,0.7272727272727273,44.0
394,木佐貫　洋,,,,,2.0,21.0,95.0,96.0,60.0,140.0,2.0,416.0,0.7266375545851527,572.5000000000001
252,塩見　貴洋,楽天,53.0,30.0,111.0,78.0,78.0,,67.0,113.0,,,530.0,0.7262263633872295,729.8
750,前田　祐二,,,,,13.0,,53.0,19.0,,8.0,,93.0,0.7231726283048212,128.6
345,ネルソン,,,,,,,,8.0,149.0,38.0,49.0,244.0,0.7210401891252955,338.4
167,榊原　諒,,,,,5.0,8.0,2.0,18.0,36.0,54.0,23.0,146.0,0.7209876543209877,202.5
319,涌井　秀章,ロッテ,83.0,115.0,118.0,117.0,116.0,79.0,40.0,108.0,154.0,199.0,1129.0,0.7198877765733597,1568.3
25,工藤　公康,,,,,,,,,,7.0,24.0,31.0,0.7192575406032482,43.1
439,ソト,,,,,,10.0,22.0,48.0,59.0,,,139.0,0.719089498189343,193.3
593,松本　裕樹,ソフトバンク,13.0,43.0,1.0,,,,,,,,57.0,0.7187894073139975,79.3
878,榎下　陽大,,,6.0,21.0,,0.0,9.0,,1.0,,,37.0,0.7184466019417476,51.5
871,マドリガル,,,,,,,28.0,,,,,28.0,0.717948717948718,39.0
607,カラシティー,ヤクルト,53.0,,,,,,,,,,53.0,0.7162162162162162,74.0
688,ボルシンガー,ロッテ,83.0,,,,,,,,,,83.0,0.7155172413793104,116.0
260,若松　駿太,,,16.0,85.0,113.0,5.0,,,,,,219.0,0.714751958224543,306.40000000000003
631,戸田　隆矢,広島,6.0,7.0,42.0,44.0,36.0,4.0,0.0,,,,139.0,0.7142857142857143,194.6
854,伊東　昂大,,,,,,,,,,3.0,,3.0,0.7142857142857143,4.2
98,那須野　巧,,,,,,,,,,,5.0,5.0,0.7142857142857143,7.0
153,オルモス,ロッテ,5.0,,,,,,,,,,5.0,0.7142857142857143,7.0
654,宮台　康平,日本ハム,3.0,,,,,,,,,,3.0,0.7142857142857143,4.2
787,中島　彰吾,,,3.0,,,,,,,,,3.0,0.7142857142857143,4.2
226,菊地　和正,,,,,,0.0,12.0,19.0,,13.0,62.0,106.0,0.7138047138047138,148.5
592,京山　将弥,DeNA,35.0,,,,,,,,,,35.0,0.7128309572301426,49.1
37,セドン,,,,,,37.0,,,,,,37.0,0.7115384615384616,52.0
334,岡本　篤志,,,,2.0,8.0,28.0,12.0,39.0,40.0,38.0,,167.0,0.711243611584327,234.8
443,阿南　徹,,,,,,4.0,3.0,,8.0,10.0,,25.0,0.7102272727272727,35.2
330,関谷　亮太,ロッテ,2.0,38.0,58.0,,,,,,,,98.0,0.7101449275362319,138.0
339,九里　亜蓮,広島,72.0,97.0,52.0,10.0,50.0,,,,,,281.0,0.7090587938430483,396.29999999999995
732,須田　幸太,DeNA,4.0,14.0,49.0,42.0,14.0,35.0,7.0,52.0,,,217.0,0.7070707070707071,306.9
171,土肥　星也,ロッテ,13.0,14.0,,,,,,,,,27.0,0.706806282722513,38.2
61,伊藤　準規,中日,6.0,57.0,12.0,3.0,24.0,,3.0,27.0,12.0,1.0,145.0,0.7066276803118908,205.2
515,飯塚　悟史,DeNA,31.0,27.0,,,,,,,,,58.0,0.7055961070559611,82.2
601,新垣　勇人,日本ハム,1.0,0.0,7.0,8.0,3.0,3.0,,,,,22.0,0.7051282051282051,31.200000000000003
51,松家　卓弘,,,,,,,,,,3.0,12.0,15.0,0.7042253521126761,21.299999999999997
717,中里　篤史,,,,,,,,,,1.0,4.0,5.0,0.7042253521126761,7.1
701,大塚　尚仁,,,,3.0,2.0,,,,,,,5.0,0.7042253521126761,7.1
139,今村　信貴,巨人,42.0,6.0,60.0,,19.0,14.0,,,,,141.0,0.7039440838741888,200.29999999999998
898,マストニー,,,,,,,,,,,43.0,43.0,0.7026143790849673,61.2
426,内海　哲也,巨人,52.0,34.0,81.0,10.0,105.0,107.0,121.0,144.0,121.0,115.0,890.0,0.7023912871912241,1267.1
17,トーレス,,,,,,,,,19.0,,,19.0,0.7011070110701106,27.1
364,スタンリッジ,,,52.0,99.0,81.0,129.0,124.0,102.0,116.0,98.0,,801.0,0.70109409190372,1142.5
136,スタルツ,,,,,,,,,,87.0,,87.0,0.7010475423045931,124.1
87,川岸　強,,,,,,,,,6.0,46.0,16.0,68.0,0.7010309278350515,97.0
476,館山　昌平,ヤクルト,11.0,3.0,33.0,36.0,,6.0,119.0,130.0,112.0,126.0,576.0,0.7009004623996107,821.8
204,ナーブソン,,,,,,96.0,,,,,,96.0,0.7007299270072993,137.0
764,福倉　健太郎,,,12.0,,2.0,,,,,,,14.0,0.7,20.0
550,十亀　剣,西武,77.0,83.0,41.0,107.0,41.0,122.0,41.0,,,,512.0,0.6991670080568072,732.3000000000001
860,美馬　学,楽天,41.0,134.0,116.0,62.0,51.0,63.0,108.0,13.0,,,588.0,0.698503207412687,841.8000000000001
269,ダックワース,,,,,,,64.0,22.0,,,,86.0,0.697485806974858,123.30000000000001
131,祖父江　大輔,中日,31.0,26.0,31.0,28.0,36.0,,,,,,152.0,0.6962895098488319,218.3
446,高崎　健太郎,,,0.0,,19.0,30.0,54.0,97.0,127.0,9.0,59.0,395.0,0.6957900299453936,567.7
591,佐々木　千隼,,,59.0,,,,,,,,,59.0,0.6933019976498238,85.1
528,松下　建太,,,,,,,7.0,,,,,7.0,0.6930693069306931,10.1
742,長谷部　康平,,,,2.0,3.0,31.0,31.0,,20.0,30.0,65.0,182.0,0.6925418569254187,262.79999999999995
284,菊地原　毅,,,,,,,8.0,3.0,1.0,7.0,29.0,48.0,0.6916426512968299,69.4
197,玉井　大翔,日本ハム,31.0,12.0,,,,,,,,,43.0,0.6902086677367576,62.300000000000004
762,コーク,,,16.0,,,,,,,,,16.0,0.6896551724137931,23.2
704,ポレダ,,,,19.0,101.0,,,,,,,120.0,0.6896551724137931,174.0
9,星野　真澄,,,,,,,,7.0,1.0,24.0,,32.0,0.689655172413793,46.400000000000006
184,バリントン,,,,,46.0,85.0,117.0,137.0,136.0,,,521.0,0.6892446090752745,755.9
708,塚原　頌平,,,4.0,40.0,25.0,,,25.0,,,,94.0,0.689149560117302,136.4
543,武隈　祥太,西武,19.0,36.0,53.0,36.0,33.0,4.0,17.0,1.0,15.0,3.0,217.0,0.6884517766497462,315.2
542,中村　祐太,広島,22.0,54.0,,,,,,,,,76.0,0.6884057971014492,110.4
840,西口　文也,,,,,4.0,11.0,7.0,44.0,104.0,43.0,60.0,273.0,0.6883509833585476,396.6
195,カスティーヨ,西武,51.0,,,,,,,,,,51.0,0.688259109311741,74.1
477,バース,,,,71.0,,,,,,,,71.0,0.687984496124031,103.2
817,大沼　幸二,,,,,,,,,9.0,15.0,45.0,69.0,0.6879361914257228,100.3
661,ダービン,,,,,,,,,,11.0,,11.0,0.6875,16.0
560,パディーヤ,,,,,,,40.0,,,,,40.0,0.6872852233676976,58.2
150,藤田　宗一,,,,,,,,,8.0,,10.0,18.0,0.6870229007633587,26.200000000000003
99,歳内　宏明,,,,3.0,23.0,25.0,1.0,3.0,,,,55.0,0.686641697877653,80.1
417,堀　瑞輝,日本ハム,17.0,7.0,,,,,,,,,24.0,0.6857142857142857,35.0
466,福田　聡志,,,,,,6.0,14.0,51.0,12.0,22.0,31.0,136.0,0.6854838709677419,198.4
3,井納　翔一,DeNA,34.0,93.0,113.0,92.0,104.0,66.0,,,,,502.0,0.6850436681222708,732.8
126,レイ,,,,12.0,76.0,,10.0,,,,,98.0,0.6843575418994414,143.2
659,篠原　貴行,,,,,,,,12.0,35.0,5.0,,52.0,0.6842105263157895,76.0
133,福田　岳洋,,,,,,,3.0,6.0,,15.0,,24.0,0.6837606837606838,35.1
639,田原　誠次,巨人,19.0,17.0,29.0,18.0,15.0,8.0,23.0,,,,129.0,0.6836248012718601,188.7
55,寺原　隼人,ソフトバンク,15.0,28.0,10.0,58.0,14.0,56.0,61.0,112.0,,77.0,431.0,0.682069947776547,631.9
60,郭　俊麟,西武,4.0,,20.0,49.0,,,,,,,73.0,0.6803355079217147,107.30000000000001
35,コーリー,,,,,,,,,,30.0,,30.0,0.6802721088435374,44.1
302,ゴンザレス,,,,,,,8.0,,,88.0,113.0,209.0,0.680117149365441,307.29999999999995
293,佐藤　勇,,,,17.0,,,,,,,,17.0,0.68,25.0
49,小笠原　孝,,,,,,,,14.0,3.0,8.0,86.0,111.0,0.6793145654834761,163.4
309,フィガロ,,,,,,,,37.0,90.0,,,127.0,0.6784188034188035,187.2
501,松永　浩典,,,,,,,,31.0,11.0,1.0,15.0,58.0,0.6783625730994152,85.5
872,川崎　雄介,,,,,,,,,3.0,14.0,24.0,41.0,0.6776859504132231,60.5
896,上原　浩治,巨人,21.0,,,,,,,,,,21.0,0.6774193548387096,31.0
602,ガルセス,,,21.0,,,,,,,,,21.0,0.6774193548387096,31.0
751,石川　歩,ロッテ,68.0,73.0,104.0,126.0,111.0,,,,,,482.0,0.6763962952568061,712.5999999999999
86,林　昌樹,,,,,,,,,5.0,19.0,27.0,51.0,0.676392572944297,75.4
596,バスケス,,,,13.0,21.0,,,,,,,34.0,0.6759443339960238,50.300000000000004
397,桜井　俊貴,,,16.0,5.0,,,,,,,,21.0,0.67524115755627,31.1
903,山井　大介,中日,43.0,5.0,45.0,79.0,103.0,63.0,80.0,35.0,84.0,29.0,566.0,0.6736491311592476,840.2000000000002
361,釜田　佳直,楽天,9.0,34.0,77.0,12.0,,11.0,77.0,,,,220.0,0.6736068585425596,326.6
29,金刃　憲人,,,3.0,25.0,5.0,2.0,25.0,,40.0,18.0,3.0,121.0,0.6733444629938787,179.7
567,金村　曉,,,,,,,,,,0.0,23.0,23.0,0.6725146198830408,34.2
691,藤原　正典,,,,,,,10.0,3.0,17.0,10.0,,40.0,0.6722689075630253,59.5
453,七條　祐樹,,,,,,15.0,30.0,12.0,36.0,,,93.0,0.6719653179190751,138.4
210,星　知弥,ヤクルト,13.0,71.0,,,,,,,,,84.0,0.6714628297362111,125.1
370,有原　航平,日本ハム,85.0,88.0,103.0,81.0,,,,,,,357.0,0.6706744317114409,532.3
906,武藤　祐太,DeNA,15.0,,3.0,10.0,18.0,50.0,31.0,7.0,,,134.0,0.6706706706706707,199.8
552,山本　省吾,,,,,,,1.0,15.0,50.0,79.0,110.0,255.0,0.6701708278580815,380.5
221,渡辺　亮,,,,,1.0,7.0,8.0,33.0,36.0,53.0,34.0,172.0,0.6695212144803426,256.9
332,バルデス,,,83.0,103.0,93.0,,,,,13.0,,292.0,0.6678865507776761,437.2
522,平井　正史,,,,,,0.0,19.0,3.0,12.0,29.0,16.0,79.0,0.6672297297297297,118.4
0,進藤　拓也,,,10.0,,,,,,,,,10.0,0.6666666666666666,15.0
662,ロー,,,,,,,,,,,18.0,18.0,0.6666666666666666,27.0
259,川原　弘之,,,,,,,1.0,3.0,,,,4.0,0.6666666666666666,6.0
314,カストロ,,,,,,,,2.0,,,,2.0,0.6666666666666666,3.0
326,中澤　雅人,ヤクルト,21.0,21.0,11.0,21.0,20.0,8.0,8.0,1.0,62.0,,173.0,0.6656406310119276,259.90000000000003
595,酒居　知史,ロッテ,49.0,48.0,,,,,,,,,97.0,0.6630211893369787,146.3
679,村田　透,日本ハム,38.0,39.0,,,,,,,,,77.0,0.6626506024096386,116.2
180,川島　亮,,,,,,,,,1.0,12.0,48.0,61.0,0.6623235613463627,92.1
658,チューク,,,,,,,,,,12.0,,12.0,0.6593406593406593,18.2
695,中郷　大樹,,,,,,7.0,31.0,36.0,19.0,,17.0,110.0,0.6578947368421053,167.2
387,平良　拳太郎,DeNA,27.0,6.0,4.0,,,,,,,,37.0,0.6560283687943261,56.400000000000006
11,松井　光介,,,,,,,1.0,12.0,19.0,25.0,12.0,69.0,0.6558935361216731,105.19999999999999
106,岩嵜　翔,ソフトバンク,2.0,66.0,61.0,5.0,37.0,54.0,77.0,33.0,9.0,1.0,345.0,0.6545247581104154,527.1
749,山本　翔也,阪神,1.0,3.0,1.0,10.0,1.0,,,,,,16.0,0.6530612244897959,24.5
437,オビスポ,,,,,,,,,0.0,22.0,48.0,70.0,0.6523765144454798,107.30000000000001
873,高木　伴,,,,,6.0,,,,,,,6.0,0.6521739130434783,9.2
791,横山　弘樹,,,,17.0,,,,,,,,17.0,0.6513409961685823,26.1
618,青木　高広,,,,,,15.0,19.0,,39.0,45.0,50.0,168.0,0.6506584043377227,258.2
146,三浦　大輔,,,,14.0,62.0,55.0,109.0,107.0,74.0,58.0,138.0,617.0,0.6500210703750526,949.2
283,松本　直晃,西武,16.0,,1.0,,,,,,,,17.0,0.648854961832061,26.2
354,グライシンガー,,,,,,,52.0,112.0,33.0,16.0,91.0,304.0,0.6487409304310713,468.6
622,木谷　良平,,,,1.0,2.0,35.0,55.0,,,,,93.0,0.6485355648535565,143.4
255,尚成,,,,,,33.0,,,,,,33.0,0.6470588235294118,51.0
786,小林　寛,,,3.0,0.0,11.0,,38.0,,9.0,,,61.0,0.6455026455026455,94.5
738,吉見　一起,中日,54.0,38.0,81.0,39.0,6.0,29.0,76.0,120.0,115.0,147.0,705.0,0.6454270804723977,1092.3
236,金平　将至,,,,0.0,1.0,5.0,,,,,,6.0,0.6451612903225806,9.3
891,服部　泰卓,,,,,,3.0,21.0,,1.0,5.0,,30.0,0.6437768240343347,46.60000000000001
202,大竹　寛,巨人,5.0,50.0,71.0,35.0,79.0,100.0,85.0,15.0,9.0,127.0,576.0,0.6430724572959696,895.7
218,上園　啓史,,,,,,14.0,11.0,2.0,,39.0,2.0,68.0,0.6427221172022684,105.80000000000001
162,大谷　智久,ロッテ,31.0,33.0,15.0,53.0,40.0,27.0,44.0,78.0,5.0,,326.0,0.6419850334777472,507.8
170,金澤　健人,,,,,,,12.0,28.0,30.0,30.0,5.0,105.0,0.6418092909535453,163.59999999999997
562,ロマン,,,,,58.0,9.0,44.0,96.0,,,,207.0,0.6416615003099814,322.6
673,ブランドン,,,,,,,,42.0,17.0,,,59.0,0.6399132321041215,92.19999999999999
416,木塚　敦志,,,,,,,,,,2.0,20.0,22.0,0.6395348837209303,34.4
489,黒田　博樹,,,,98.0,106.0,,,,,,,204.0,0.6367041198501873,320.4
557,相内　誠,西武,7.0,,,,,,,,,,7.0,0.6363636363636364,11.0
579,ラルー,,,,,,,14.0,,,,,14.0,0.6363636363636364,22.0
279,フィリップス,,,,,,7.0,,,,,,7.0,0.6363636363636364,11.0
257,久米　勇紀,,,,,,,,,,1.0,13.0,14.0,0.6363636363636364,22.0
617,山本　斉,,,,,,,,,36.0,1.0,3.0,40.0,0.6349206349206349,63.0
187,赤川　克紀,,,,,,16.0,26.0,91.0,66.0,3.0,0.0,202.0,0.6342229199372057,318.5
256,土屋　健二,,,,,,3.0,7.0,0.0,,3.0,,13.0,0.6341463414634146,20.5
755,小熊　凌祐,中日,34.0,9.0,25.0,24.0,0.0,19.0,1.0,8.0,,,120.0,0.6339144215530904,189.29999999999998
711,小石　博孝,西武,10.0,8.0,55.0,5.0,8.0,12.0,7.0,,,,105.0,0.6336753168376584,165.7
651,江柄子　裕樹,,,2.0,4.0,,15.0,2.0,14.0,,,,37.0,0.6335616438356164,58.400000000000006
176,清水　直行,,,,,,,,,20.0,105.0,88.0,213.0,0.6335514574657942,336.2
813,ブレイシア,,,19.0,,,,,,,,,19.0,0.6333333333333333,30.0
303,金森　敬之,,,,1.0,17.0,,,,,22.0,9.0,49.0,0.6330749354005167,77.4
712,大竹　耕太郎,ソフトバンク,21.0,,,,,,,,,,21.0,0.6325301204819277,33.2
470,野村　祐輔,広島,46.0,106.0,91.0,51.0,75.0,103.0,103.0,,,,575.0,0.6318681318681318,910.0
203,安藤　優也,,,0.0,24.0,32.0,41.0,32.0,42.0,1.0,31.0,97.0,300.0,0.6315789473684211,474.99999999999994
621,帆足　和幸,,,,,12.0,40.0,46.0,1.0,102.0,104.0,126.0,431.0,0.6303012576776835,683.8
306,唐川　侑己,ロッテ,28.0,86.0,64.0,31.0,62.0,80.0,32.0,122.0,51.0,115.0,671.0,0.6299877945732795,1065.1000000000001
44,田村　伊知郎,西武,3.0,9.0,,,,,,,,,12.0,0.6282722513089005,19.1
845,森原　康平,楽天,8.0,21.0,,,,,,,,,29.0,0.6277056277056277,46.2
231,ブキャナン,ヤクルト,84.0,112.0,,,,,,,,,196.0,0.6276016650656421,312.29999999999995
69,クロッタ,,,,,18.0,36.0,,,,,,54.0,0.6257242178447278,86.3
359,小林　敦,,,,,,,,,22.0,,,22.0,0.625,35.2
396,オセゲラ,,,,,,7.0,23.0,,,,,30.0,0.625,48.0
91,森内　壽春,,,,,2.0,2.0,6.0,37.0,,,,47.0,0.6241699867197875,75.3
498,王　溢正,,,,,,,,15.0,,,,15.0,0.6224066390041494,24.1
26,八木　智哉,,,6.0,2.0,45.0,2.0,8.0,37.0,4.0,27.0,76.0,207.0,0.6223692122669874,332.6
104,中後　悠平,DeNA,4.0,,,,1.0,0.0,15.0,,,,20.0,0.6211180124223602,32.2
771,吉川　輝昭,,,,,,,13.0,23.0,23.0,9.0,10.0,78.0,0.6210191082802548,125.60000000000001
100,高堀　和也,,,,,,,5.0,12.0,,,,17.0,0.6204379562043796,27.4
842,岡本　洋介,阪神,17.0,35.0,1.0,43.0,53.0,55.0,1.0,,6.0,,211.0,0.6191314553990611,340.79999999999995
863,ペン,,,,,,,,15.0,15.0,27.0,,57.0,0.6182212581344902,92.2
166,藤田　太陽,,,,,,,6.0,3.0,13.0,29.0,,51.0,0.6181818181818182,82.5
527,クレイマー,,,,,,,,5.0,,,,5.0,0.617283950617284,8.1
81,牧野　塁,,,,,,,,,,,13.0,13.0,0.6161137440758293,21.1
96,西川　健太郎,,,,,6.0,,27.0,4.0,,,,37.0,0.6156405990016639,60.1
52,山崎　福也,,,,,35.0,,,,,,,35.0,0.6118881118881119,57.2
440,小林　太志,,,,,,2.0,9.0,44.0,40.0,26.0,37.0,158.0,0.6112185686653772,258.5
79,星野　大地,,,,,,3.0,5.0,,,,,8.0,0.6106870229007634,13.1
40,松葉　貴大,オリックス,8.0,72.0,82.0,42.0,88.0,44.0,,,,,336.0,0.6091370558375635,551.5999999999999
491,武田　久,,,3.0,0.0,,7.0,28.0,34.0,28.0,37.0,38.0,175.0,0.6080611535788744,287.79999999999995
190,木田　優夫,,,,,,,,0.0,3.0,30.0,31.0,64.0,0.6072106261859582,105.4
121,野上　亮磨,巨人,48.0,113.0,62.0,77.0,68.0,93.0,49.0,3.0,40.0,33.0,586.0,0.6066252587991717,966.0000000000001
532,木村　優太,,,,8.0,7.0,24.0,,,,,,39.0,0.6065318818040436,64.3
76,佐藤　誠,,,,,,,,,,,14.0,14.0,0.6060606060606061,23.1
758,今野　龍太,楽天,6.0,,,1.0,1.0,,,,,,8.0,0.6060606060606061,13.2
597,アダメス,巨人,14.0,,,,,,,,,,14.0,0.6060606060606061,23.1
163,岩本　輝,オリックス,7.0,,,20.0,1.0,2.0,11.0,,,,41.0,0.6047197640117994,67.8
588,武藤　好貴,,,,2.0,38.0,13.0,,10.0,,,,63.0,0.603448275862069,104.4
565,土肥　義弘,,,,,,,,,,10.0,7.0,17.0,0.6028368794326241,28.2
66,岡本　健,ソフトバンク,21.0,10.0,10.0,,,,,,,,41.0,0.6020558002936858,68.1
428,川上　憲伸,,,,,,24.0,12.0,17.0,,,,53.0,0.600907029478458,88.2
587,小山田　保裕,,,,,,,,,,,6.0,6.0,0.6,10.0
193,寺田　哲也,,,,0.0,3.0,,,,,,,3.0,0.6,5.0
768,藤原　良平,,,5.0,9.0,7.0,30.0,2.0,0.0,5.0,,,58.0,0.5997931747673216,96.7
713,大嶺　祐太,,,21.0,14.0,70.0,31.0,29.0,,1.0,52.0,59.0,277.0,0.5995670995670995,462.0
206,藤嶋　健人,中日,36.0,,,,,,,,,,36.0,0.5990016638935108,60.1
122,梅津　智弘,,,,,,9.0,6.0,5.0,11.0,24.0,16.0,71.0,0.5981465880370682,118.7
159,正田　樹,,,,,,,10.0,14.0,,,,24.0,0.5955334987593053,40.3
289,トンキン,日本ハム,28.0,,,,,,,,,,28.0,0.5944798301486199,47.1
895,トーマス,,,,,,,6.0,,,,,6.0,0.594059405940594,10.1
809,山田　大樹,ヤクルト,3.0,4.0,9.0,,0.0,17.0,83.0,67.0,44.0,,227.0,0.5939298796441653,382.2
778,香月　良仁,,,,4.0,36.0,3.0,1.0,5.0,,6.0,,55.0,0.5933117583603021,92.69999999999999
199,ジー,中日,16.0,,,,,,,,,,16.0,0.5925925925925926,27.0
186,本田　圭佑,西武,0.0,5.0,3.0,,,,,,,,8.0,0.5925925925925926,13.5
852,朝倉　健太,,,,,1.0,44.0,6.0,13.0,4.0,31.0,83.0,182.0,0.591869918699187,307.5
506,古野　正人,ヤクルト,4.0,,8.0,39.0,47.0,15.0,,,,,113.0,0.5906952430737061,191.3
247,木村　文紀,,,,,,,,6.0,17.0,,,23.0,0.5897435897435898,39.0
245,戸田　亮,,,,,,,3.0,,,,,3.0,0.5882352941176471,5.1
664,伊藤　翔,西武,10.0,,,,,,,,,,10.0,0.5882352941176471,17.0
220,ルブラン,,,,,26.0,,,,,,,26.0,0.588235294117647,44.2
263,海田　智行,オリックス,0.0,5.0,31.0,27.0,11.0,44.0,30.0,,,,148.0,0.5877680698967435,251.79999999999998
694,山本　哲哉,ヤクルト,0.0,10.0,,11.0,22.0,38.0,38.0,5.0,,,124.0,0.5873993368072005,211.09999999999997
117,グリン,,,,,,,,,,,69.0,69.0,0.5847457627118644,118.0
129,石川　雅規,ヤクルト,69.0,88.0,52.0,90.0,101.0,85.0,100.0,127.0,98.0,84.0,894.0,0.5845811809324528,1529.2999999999997
209,山本昌,,,,,2.0,9.0,39.0,40.0,,28.0,14.0,132.0,0.5825242718446603,226.59999999999997
803,高木　康成,,,,,,,1.0,25.0,24.0,19.0,4.0,73.0,0.5816733067729083,125.50000000000001
39,宮國　椋丞,巨人,25.0,41.0,14.0,28.0,6.0,50.0,54.0,,,,218.0,0.5807139051678211,375.4
693,岩崎　哲也,,,,,,,,,0.0,2.0,15.0,17.0,0.5802047781569966,29.3
97,藤井　秀悟,,,,,,,61.0,40.0,1.0,91.0,63.0,256.0,0.5789235639981909,442.2
770,川越　英隆,,,,,,,,,15.0,14.0,17.0,46.0,0.5786163522012578,79.5
670,眞下　貴之,,,,,,,,,9.0,5.0,,14.0,0.578512396694215,24.2
137,岩下　大輝,ロッテ,7.0,,,,,,,,,,7.0,0.578512396694215,12.1
646,マルティネス,日本ハム,78.0,,,,,,,,,,78.0,0.5777777777777777,135.0
710,藤原　紘通,,,,,,,,,1.0,8.0,49.0,58.0,0.5771144278606966,100.5
292,メルセデス,巨人,34.0,,,,,,,,,,34.0,0.5743243243243243,59.2
243,斎藤　佑樹,日本ハム,2.0,14.0,14.0,24.0,20.0,1.0,59.0,62.0,,,196.0,0.5739385065885798,341.5
823,ドイル,,,,,,,,7.0,,,,7.0,0.5737704918032788,12.2
433,戸村　健次,楽天,0.0,22.0,23.0,78.0,4.0,22.0,19.0,26.0,13.0,,207.0,0.5737250554323724,360.80000000000007
188,池田　隆英,楽天,24.0,,,,,,,,,,24.0,0.5687203791469194,42.2
215,高橋　建,,,,,,,,,,17.0,,17.0,0.5666666666666667,30.0
258,篠原　慎平,巨人,2.0,19.0,,,,,,,,,21.0,0.5660377358490566,37.1
507,ジェン,,,,,,,,,,0.0,18.0,18.0,0.5607476635514018,32.1
766,阿斗里,,,,,,,,2.0,1.0,28.0,1.0,32.0,0.5604203152364273,57.1
420,田中　靖洋,ロッテ,16.0,6.0,11.0,13.0,2.0,,6.0,,7.0,,61.0,0.5601469237832875,108.89999999999999
792,山村　宏樹,,,,,,,,,15.0,22.0,0.0,37.0,0.5597579425113465,66.1
53,牧田　和久,,,35.0,43.0,66.0,89.0,87.0,108.0,86.0,,,514.0,0.55930359085963,919.0
668,成田　翔,ロッテ,1.0,8.0,,,,,,,,,9.0,0.5590062111801242,16.1
473,鶴　直人,,,,0.0,5.0,12.0,17.0,30.0,16.0,46.0,0.0,126.0,0.5580159433126661,225.79999999999998
608,高野　圭佑,ロッテ,3.0,7.0,7.0,,,,,,,,17.0,0.5573770491803278,30.5
798,多田野　数人,,,,,,1.0,6.0,48.0,17.0,8.0,46.0,126.0,0.5560458958517212,226.6
348,オスカル,,,0.0,13.0,,,,,,,,13.0,0.5555555555555556,23.4
652,栂野　雅史,,,,,,,,,,0.0,4.0,4.0,0.5555555555555556,7.2
411,糸数　敬作,,,,,,,,0.0,14.0,17.0,43.0,74.0,0.5555555555555556,133.2
682,ソリアーノ,,,,,,,,,12.0,27.0,,39.0,0.5555555555555556,70.2
625,ジャマーノ,,,,,,,,,,,42.0,42.0,0.5526315789473685,76.0
201,上野　大樹,,,,,3.0,24.0,41.0,11.0,36.0,6.0,23.0,144.0,0.5523590333716917,260.7
147,中村　恭平,広島,11.0,,17.0,3.0,,31.0,6.0,4.0,,,72.0,0.5521472392638036,130.4
573,平野　将光,,,,,,4.0,,5.0,36.0,34.0,15.0,94.0,0.5513196480938416,170.5
726,小野　淳平,,,,3.0,,20.0,13.0,5.0,33.0,,,74.0,0.5510052122114668,134.3
853,小野　郁,楽天,8.0,1.0,7.0,0.0,,,,,,,16.0,0.549828178694158,29.1
299,坂元　弥太郎,,,,,,,14.0,,12.0,,11.0,37.0,0.549777117384844,67.3
367,髙橋　朋己,西武,0.0,2.0,2.0,,,,,,,,4.0,0.547945205479452,7.3
482,山﨑　福也,オリックス,9.0,21.0,37.0,,,,,,,,67.0,0.5478331970564186,122.30000000000001
474,土屋　朋弘,,,,,,,6.0,2.0,7.0,1.0,,16.0,0.5460750853242321,29.299999999999997
570,藪　恵壹,,,,,,,,,,6.0,,6.0,0.5454545454545454,11.0
745,下柳　剛,,,,,,,,4.0,18.0,58.0,64.0,144.0,0.5452480121166224,264.1
795,渡辺　恒樹,,,,,,,,2.0,9.0,6.0,,17.0,0.5431309904153354,31.3
114,伊原　正樹,,,,,,,,,1.0,11.0,11.0,23.0,0.5424528301886793,42.4
164,ウルフ,西武,35.0,74.0,8.0,3.0,32.0,60.0,83.0,90.0,24.0,,409.0,0.5419371935868557,754.7
138,根本　朋久,,,,,,,3.0,6.0,1.0,10.0,2.0,22.0,0.541871921182266,40.6
763,河原　純一,,,,,,,,,12.0,1.0,18.0,31.0,0.5410122164048866,57.3
329,ソコロビッチ,,,,,,,6.0,,,,,6.0,0.5405405405405406,11.1
841,須永　英輝,,,,,2.0,0.0,,,,9.0,7.0,18.0,0.5405405405405406,33.3
611,武田　勝,,,,1.0,15.0,33.0,47.0,90.0,87.0,106.0,99.0,478.0,0.5395642849080031,885.9000000000001
380,上野　弘文,,,,,,0.0,10.0,,19.0,11.0,3.0,43.0,0.5395232120451694,79.7
103,三井　浩二,,,,,,,,,,,7.0,7.0,0.5384615384615384,13.0
479,ブラックリー,,,,,,7.0,,,,,,7.0,0.5384615384615384,13.0
657,二保　旭,ソフトバンク,16.0,,,28.0,,3.0,,,,,47.0,0.5377574370709381,87.4
702,マシス,,,,,,,,14.0,,,,14.0,0.5363984674329502,26.1
368,有吉　優樹,ロッテ,46.0,27.0,,,,,,,,,73.0,0.5363703159441587,136.1
267,ミンチェ,,,,,,,0.0,14.0,40.0,,,54.0,0.5335968379446641,101.19999999999999
892,篠田　純平,,,,,,24.0,0.0,12.0,49.0,58.0,29.0,172.0,0.5308641975308642,324.0
465,小宮山　悟,,,,,,,,,,,7.0,7.0,0.5303030303030303,13.2
36,清水　章夫,,,,,,,,,,,18.0,18.0,0.5263157894736842,34.2
134,西川　雅人,,,,,,,,0.0,4.0,1.0,4.0,9.0,0.5263157894736842,17.1
445,ヒメネス,,,,,,,,63.0,27.0,,,90.0,0.5253940455341506,171.3
438,豊田　拓矢,西武,0.0,,7.0,2.0,17.0,,,,,,26.0,0.5252525252525253,49.5
581,小野　晋吾,,,,,,,,42.0,31.0,37.0,77.0,187.0,0.5249859629421674,356.2
839,ファイフ,,,11.0,,,,,,,,,11.0,0.5238095238095238,21.0
168,中村　勝,,,4.0,9.0,26.0,43.0,18.0,29.0,7.0,14.0,,150.0,0.5237430167597765,286.40000000000003
261,香月　良太,,,,,5.0,19.0,8.0,21.0,15.0,35.0,35.0,138.0,0.5235204855842186,263.59999999999997
45,高橋　礼,ソフトバンク,9.0,,,,,,,,,,9.0,0.5232558139534884,17.2
827,鄭　凱文,,,,,,,11.0,6.0,5.0,,,22.0,0.5213270142180094,42.2
467,許　銘傑,,,,,,,,,,62.0,21.0,83.0,0.5177791640673737,160.3
323,近藤　弘樹,楽天,15.0,,,,,,,,,,15.0,0.5172413793103449,29.0
350,山本　淳,,,,,,,10.0,3.0,,3.0,6.0,22.0,0.5164319248826291,42.599999999999994
297,鈴木　義広,,,,,,0.0,7.0,4.0,20.0,21.0,2.0,54.0,0.515267175572519,104.80000000000001
897,カーライル,,,,,,,,,,14.0,,14.0,0.5147058823529412,27.2
656,齊藤　悠葵,,,,,,,,13.0,,49.0,71.0,133.0,0.5111452728670254,260.2
733,真田　裕貴,,,,,,7.0,,0.0,18.0,41.0,36.0,102.0,0.5089820359281437,200.4
887,大塚　豊,,,,,1.0,9.0,5.0,,5.0,,,20.0,0.5089058524173028,39.300000000000004
353,水田　章雄,,,,,,,,,,6.0,22.0,28.0,0.5081669691470054,55.1
57,ハミルトン,,,,,,,,8.0,17.0,,,25.0,0.5081300813008129,49.2
496,川井　貴志,,,,7.0,11.0,27.0,13.0,10.0,29.0,28.0,17.0,142.0,0.5071428571428571,280.0
644,マクレーン,,,,,,,,28.0,22.0,,,50.0,0.5050505050505051,99.0
831,朴　贊浩,,,,,,,,,21.0,,,21.0,0.5,42.0
681,中﨑　雄太,,,,3.0,,,,,,,,3.0,0.5,6.0
850,高橋　光成,,,,,22.0,,,,,,,22.0,0.5,44.0
281,有馬　翔,,,,,,,3.0,,,,,3.0,0.5,6.0
683,福永　春吾,阪神,0.0,3.0,,,,,,,,,3.0,0.5,6.0
889,椎野　新,ソフトバンク,1.0,,,,,,,,,,1.0,0.5,2.0
8,ブロードウェイ,,,,3.0,,,,,,,,3.0,0.5,6.0
674,赤間　謙,,,4.0,19.0,,,,,,,,23.0,0.4989154013015184,46.1
34,弥太郎,,,,,,,,,,16.0,,16.0,0.49689440993788814,32.2
244,若竹　竜士,,,,,,,,0.0,2.0,4.0,,6.0,0.49586776859504134,12.1
463,大家　友和,,,,,,,,,14.0,62.0,,76.0,0.4954367666232073,153.4
374,ドーマン,,,,,,,,,,,4.0,4.0,0.4938271604938272,8.1
27,川井　雄太,,,,,,,,,46.0,13.0,57.0,116.0,0.4931972789115647,235.2
624,長谷川　潤,,,,3.0,,,,,,,,3.0,0.49180327868852464,6.1
475,スウィーニー,,,,,,,,,,,58.0,58.0,0.4911092294665538,118.1
487,高市　俊,,,,,,,,,0.0,6.0,5.0,11.0,0.4910714285714286,22.4
120,山本　雅士,,,,,2.0,,,,,,,2.0,0.48780487804878053,4.1
782,チルダース,,,,,,,,,,,2.0,2.0,0.48780487804878053,4.1
676,田面　巧二郎,,,,2.0,,,,,,,,2.0,0.48780487804878053,4.1
902,横山　貴明,,,,9.0,6.0,10.0,,,,,,25.0,0.48638132295719844,51.4
268,白仁田　寛和,,,,2.0,27.0,,3.0,0.0,1.0,,,33.0,0.4761904761904762,69.3
22,高橋　徹,,,,,,,,,,1.0,,1.0,0.47619047619047616,2.1
369,杉原　洋,,,,,,,,,,1.0,,1.0,0.47619047619047616,2.1
338,角屋　龍太,,,,1.0,,,,,,,,1.0,0.47619047619047616,2.1
328,ダース　ローマシュ匡,,,,,,,,,,1.0,,1.0,0.47619047619047616,2.1
526,金剛　弘樹,,,,,,,,,,1.0,,1.0,0.47619047619047616,2.1
703,レイノルズ,,,,,,29.0,,,,,,29.0,0.47540983606557374,61.0
559,山内　壮馬,,,,0.0,,2.0,22.0,68.0,31.0,18.0,0.0,141.0,0.4693741677762982,300.40000000000003
89,ペトリック,,,,22.0,,,,,,,,22.0,0.46709129511677283,47.1
614,グラマン,,,,,,,,,13.0,2.0,1.0,16.0,0.4664723032069971,34.3
825,ケッペル,,,,,,,16.0,2.0,66.0,85.0,,169.0,0.46633554083885215,362.4
773,アドゥワ　誠,広島,28.0,,,,,,,,,,28.0,0.46589018302828616,60.1
894,森　跳二,,,,,,,,,,2.0,0.0,2.0,0.46511627906976744,4.3
888,佐野　泰雄,西武,3.0,12.0,11.0,4.0,,,,,,,30.0,0.46511627906976744,64.5
373,福山　博之,楽天,4.0,31.0,30.0,29.0,32.0,20.0,0.0,10.0,,,156.0,0.46428571428571436,335.99999999999994
300,雄太,,,,0.0,8.0,47.0,5.0,26.0,,,,86.0,0.46386192017259975,185.4
154,屋宜　照悟,,,0.0,,11.0,,3.0,,,,,14.0,0.4635761589403974,30.2
5,高木　啓充,,,,,,,,,,7.0,19.0,26.0,0.45614035087719296,57.0
582,竹下　真吾,,,,1.0,,,,,,,,1.0,0.45454545454545453,2.2
648,高木　晃次,,,,,,,,,,,5.0,5.0,0.45454545454545453,11.0
112,野村　亮介,,,,,1.0,,,,,,,1.0,0.45454545454545453,2.2
690,バレット,,,,,,,,,,,5.0,5.0,0.45045045045045046,11.1
181,清原　大貴,,,,,,,3.0,,1.0,,,4.0,0.4444444444444444,9.0
736,加藤　幹典,,,,,,,,,4.0,7.0,0.0,11.0,0.44,25.0
395,ヘーゲンズ,,,10.0,33.0,,,,,,,,43.0,0.43832823649337416,98.1
222,サンティアゴ,,,,,7.0,,,,,,,7.0,0.4320987654320988,16.2
486,松本　輝,,,,,,,,,,7.0,3.0,10.0,0.4310344827586207,23.2
172,ベイリス,,,,,,,,,,,6.0,6.0,0.42857142857142855,14.0
362,渡邉　啓太,ロッテ,12.0,,,,,,,,,,12.0,0.42857142857142855,28.0
135,コーコラン,,,,,,,14.0,,,,,14.0,0.4216867469879518,33.2
635,ワズディン,,,,,,,,,,,24.0,24.0,0.4195804195804196,57.2
893,青木　勇人,,,,,,,,,,4.0,10.0,14.0,0.4191616766467066,33.4
232,井坂　亮平,,,,,,,,,25.0,17.0,23.0,65.0,0.41854475209272374,155.3
511,吉田　侑樹,日本ハム,2.0,9.0,,,,,,,,,11.0,0.4166666666666667,26.4
365,ブラッドリー,,,,,,,22.0,,,,,22.0,0.4143126177024482,53.1
271,ローチ,オリックス,14.0,,,,,,,,,,14.0,0.4105571847507331,34.1
285,渡辺　俊介,,,,,,,9.0,22.0,43.0,63.0,74.0,211.0,0.4069431051108968,518.5
434,山中　浩史,ヤクルト,16.0,29.0,54.0,20.0,,11.0,,,,,130.0,0.4007398273736128,324.40000000000003
410,デラクルス,,,,,,,,,,4.0,,4.0,0.39603960396039606,10.1
512,ミッシュ,,,,2.0,,,,,,,,2.0,0.3921568627450981,5.1
225,井上　雄介,,,,,,,,3.0,,1.0,,4.0,0.3921568627450981,10.2
689,武内　久士,,,,,1.0,,8.0,,,1.0,,10.0,0.38314176245210724,26.1
310,シュリッター,,,23.0,,,,,,,,,23.0,0.3639240506329114,63.2
208,阿部　和成,ロッテ,2.0,1.0,6.0,11.0,,7.0,6.0,3.0,,,36.0,0.36217303822937624,99.4
630,杉山　直久,,,,,,,,,,3.0,1.0,4.0,0.3603603603603604,11.1
645,谷中　真二,,,,,,,,,,3.0,1.0,4.0,0.3603603603603604,11.1
752,黒沢　翔太,,,1.0,3.0,4.0,0.0,,,,,,8.0,0.33195020746887965,24.1
575,笠原　大芽,ソフトバンク,0.0,3.0,,,,,,,,,3.0,0.32967032967032966,9.1
600,吉原　正平,,,,,,3.0,,,,,,3.0,0.32967032967032966,9.1
760,フェルナンデス,,,,,,,,4.0,,,,4.0,0.3278688524590164,12.2
312,中崎　雄太,,,,,,,3.0,,,,,3.0,0.32608695652173914,9.2
538,ペニー,,,,,,,,1.0,,,,1.0,0.3225806451612903,3.1
612,渡邉　恒樹,,,,,,,,,,,1.0,1.0,0.3125,3.2
901,相原　和友,,,,1.0,1.0,5.0,,,,,,7.0,0.30303030303030304,23.1
372,光原　逸裕,,,,,,,,,3.0,0.0,3.0,6.0,0.28169014084507044,21.299999999999997
278,Ｋ－鈴木,オリックス,2.0,,,,,,,,,,2.0,0.28169014084507044,7.1
152,本柳　和也,,,,,,,,,,,2.0,2.0,0.25,8.0
357,松山　傑,,,,,,,,,,1.0,,1.0,0.25,4.0
783,加藤　正志,,,,0.0,3.0,,,,,,,3.0,0.2127659574468085,14.1
719,宮本　賢,,,,,,,,,,0.0,3.0,3.0,0.21126760563380284,14.2
714,レルー,,,,,,,,,1.0,,,1.0,0.2,5.0
280,セプティモ,,,,1.0,,,,,,,,1.0,0.1639344262295082,6.1
116,相沢　晋,,,,,1.0,,,,,,,1.0,0.14084507042253522,7.1
343,小林　雅英,,,,,,,,,0.0,2.0,,2.0,0.10989010989010989,18.2
723,仁藤　拓馬,,,,,,,,,,,0.0,0.0,0.0,1.0
727,運天　ジョン・クレイトン,,,,,,,,,0.0,,,0.0,0.0,1.0
869,高井　雄平,,,,,,,,,,,0.0,0.0,0.0,1.0
183,金伏　ウーゴ,,,,,0.0,,,,,,,0.0,0.0,1.0
111,山室　公志郎,,,,,,,,,,0.0,,0.0,0.0,2.0
859,小島　心二郎,,,,,,,,,,0.0,,0.0,0.0,2.0
856,上野　貴久,,,,,,,,,,0.0,,0.0,0.0,0.2
71,吉田　凌,,,0.0,,,,,,,,,0.0,0.0,2.2
815,カンポス,広島,0.0,,,,,,,,,,0.0,0.0,1.0
308,髙田　萌生,巨人,0.0,,,,,,,,,,0.0,0.0,2.0
655,ウエスト,,,0.0,,,,,,,,,0.0,0.0,2.0
541,広池　浩司,,,,,,,,,,0.0,,0.0,0.0,1.0
816,ビロウ,,,,,0.0,,,,,,,0.0,0.0,1.1
847,田村　丈,DeNA,0.0,,,,,,,,,,0.0,0.0,1.0
381,長井　良太,広島,0.0,,,,,,,,,,0.0,0.0,3.1
67,池ノ内　亮介,,,,,,0.0,,,,,,0.0,0.0,2.0
672,古川　祐樹,,,,,,,,,,,0.0,0.0,0.0,4.0
619,弦本　悠希,,,,,,,,,0.0,,,0.0,0.0,4.0
686,コズロースキー,,,,,,,,,,,0.0,0.0,0.0,0.1
155,ロドリゲス,,,,,,,,,,,,0.0,,0.0
