,登録名,チーム2018,WHIP2018,WHIP2017,WHIP2016,WHIP2015,WHIP2014,WHIP2013,WHIP2012,WHIP2011,WHIP2010,WHIP2009,総WHIP数,総投球回,総与四球,総与死球,総被安打
122,石井　弘寿,,,,,,,,,0.0,,,0.0,0.1,0.0,0.0,0.0
701,竹安　大知,,,0.00,,,,,,,,,0.0,1.0,0.0,0.0,0.0
333,デラバー,,,,0.0,,,,,,,,0.0,2.0,0.0,0.0,0.0
17,伊藤　剛,,,,,,,,,,,0.00,0.0,0.1,0.0,0.0,0.0
184,上野　貴久,,,,,,,,,,0.00,,0.0,0.2,0.0,0.0,0.0
132,川原　弘之,,,,,,,1.00,0.33,,,,0.6666666666666666,6.0,2.0,0.0,2.0
486,柳川　洋平,,,,,,,,,0.71,,,0.7142857142857143,7.0,1.0,0.0,4.0
371,マーティン,西武,1.29,0.72,0.63,,,,,,,,0.7505070993914806,98.60000000000001,21.0,3.0,53.0
145,ブラゾバン,,,,,,,,,0.81,,,0.8125,16.0,5.0,1.0,8.0
27,山崎　康晃,,,,,0.87,,,,,,,0.8734402852049911,56.1,11.0,1.0,38.0
398,ファルケンボーグ,,,,,,1.04,0.83,0.96,0.85,0.76,0.93,0.882800608828006,262.8,65.0,8.0,167.0
428,大下　佑馬,ヤクルト,0.88,,,,,,,,,,0.8856088560885609,27.1,7.0,1.0,17.0
223,ボイヤー,,,,,,,0.89,,,,,0.8888888888888888,27.0,4.0,0.0,20.0
326,アッチソン,,,,,,,,,,,0.89,0.8888888888888888,90.0,20.0,1.0,60.0
742,ソコロビッチ,,,,,,,0.88,,,,,0.9009009009009009,11.1,4.0,0.0,6.0
476,サファテ,ソフトバンク,1.17,0.67,0.82,0.63,1.05,0.92,1.35,0.92,,,0.9030023094688223,432.99999999999994,124.0,13.0,267.0
169,ダルビッシュ　有,,,,,,,,,0.83,1.01,0.90,0.9090909090909091,616.0,128.0,19.0,432.0
31,メルセデス,巨人,0.92,,,,,,,,,,0.9290540540540541,59.2,11.0,1.0,44.0
115,相原　勝幸,,,,,,,,,,0.86,,0.9523809523809523,2.1,0.0,1.0,2.0
143,小林　正人,,,,,,6.00,1.37,,0.55,0.90,1.03,0.9742441209406494,89.30000000000001,20.0,6.0,67.0
652,林　昌勇,,,,,,,,1.14,0.99,0.86,1.04,0.9762824048538333,181.3,59.0,7.0,118.0
572,呉　昇桓,,,,,1.15,0.81,,,,,,0.9903917220990391,135.3,29.0,3.0,105.0
15,ルイス,,,,,,,,,,,0.99,0.9937535491198183,176.1,19.0,14.0,156.0
762,マイコラス,,,0.98,1.17,0.90,,,,,,,0.9948137670909949,424.2,69.0,16.0,353.0
174,西崎　聡,,,,,,,,,,,1.00,1.0,1.0,0.0,0.0,1.0
473,高井　雄平,,,,,,,,,,,1.00,1.0,1.0,0.0,0.0,1.0
639,田川　賢吾,ヤクルト,1.00,,,,,,,,,,1.0,1.0,1.0,0.0,0.0
781,岡本　秀寛,,,,,,,,,,,1.00,1.0,1.0,0.0,0.0,1.0
503,フィリップス,,,,,,1.00,,,,,,1.0,11.0,3.0,1.0,8.0
299,中﨑　雄太,,,,1.0,,,,,,,,1.0,6.0,2.0,1.0,4.0
515,鎌田　祐哉,,,,,,,,,,,1.00,1.0,12.0,4.0,0.0,8.0
881,椎野　新,ソフトバンク,1.00,,,,,,,,,,1.0,2.0,0.0,0.0,2.0
578,フランスア,広島,1.01,,,,,,,,,,1.014760147601476,54.2,26.0,1.0,29.0
823,森福　允彦,巨人,2.00,1.45,0.93,1.65,0.97,0.90,0.98,0.86,0.90,1.36,1.017751479289941,338.0,76.0,18.0,268.0
91,田中　将大,,,,,,,0.94,1.03,0.87,1.23,1.12,1.0269025437035486,955.3,153.0,22.0,828.0
41,シコースキー,,,,,,,,,1.64,1.10,0.91,1.0273972602739725,131.4,40.0,4.0,95.0
198,菅野　智之,巨人,1.06,0.85,0.99,1.06,1.10,1.15,,,,,1.0322024151811384,1043.4,199.0,21.0,878.0
563,上原　浩治,巨人,1.03,,,,,,,,,,1.032258064516129,31.0,4.0,1.0,28.0
778,前田　健太,,,,,1.01,1.10,0.96,0.99,1.02,0.98,1.16,1.0324610324610326,1398.6,284.0,35.0,1160.0
239,岡島　秀樹,,,,,1.91,1.08,,0.84,,,,1.0362694300518134,96.5,28.0,2.0,72.0
511,小林正,,,,,,,,1.02,,,,1.0396039603960396,20.2,5.0,3.0,16.0
764,チェン,,,,,,,,,1.03,1.14,0.93,1.040294459511817,516.2,120.0,16.0,417.0
533,ミランダ,ソフトバンク,1.03,,,,,,,,,,1.0471204188481675,19.1,7.0,0.0,13.0
362,高木　啓充,,,,,,,,,,1.15,1.02,1.0526315789473684,57.0,15.0,2.0,45.0
649,秋吉　亮,ヤクルト,1.34,1.14,0.93,1.03,1.00,,,,,,1.0538800406641815,295.1,83.0,15.0,228.0
409,畠　世周,,,1.05,,,,,,,,,1.0540915395284327,72.1,23.0,2.0,53.0
613,山口　鉄也,,,1.65,1.25,1.20,1.44,0.96,0.72,0.99,1.08,0.86,1.055565879947965,538.1,125.0,31.0,443.0
775,五十嵐　亮太,ソフトバンク,1.74,0.98,1.35,0.88,0.86,1.05,,,,1.16,1.0665783371977478,301.9,116.0,16.0,206.0
737,藤川　球児,阪神,1.17,1.15,1.4,,,,1.03,0.75,1.07,0.82,1.0679611650485439,381.09999999999997,146.0,17.0,261.0
127,岸　孝之,楽天,0.93,1.02,1.22,0.91,1.00,1.04,0.96,1.26,1.11,1.23,1.0687123867469082,1512.1000000000001,348.0,41.0,1268.0
596,マシソン,巨人,1.02,1.02,1.09,1.17,1.26,0.89,0.98,,,,1.0702012763868434,407.4,126.0,9.0,310.0
251,玉井　大翔,日本ハム,1.11,0.99,,,,,,,,,1.0754414125200642,62.300000000000004,19.0,9.0,48.0
298,大谷　翔平,,,1.26,0.96,0.91,1.17,1.46,,,,,1.0782865583456425,541.6,200.0,23.0,384.0
37,和田　毅,,,0.89,1.08,,,,,1.0,1.18,1.14,1.0797034291010195,647.4,165.0,11.0,534.0
52,宮西　尚生,日本ハム,0.97,1.13,1.06,1.00,1.40,1.20,1.08,0.98,0.80,1.16,1.0852878464818763,469.0,151.0,33.0,358.0
888,近藤　大亮,オリックス,1.04,1.08,1.67,,,,,,,,1.0869565217391304,110.4,43.0,2.0,77.0
467,オンドルセク,,,,1.16,1.05,,,,,,,1.088709677419355,99.19999999999999,33.0,1.0,75.0
643,ミコライオ,,,,0.95,,1.20,1.22,0.97,,,,1.0896817743490839,207.4,60.0,7.0,166.0
469,牧野　塁,,,,,,,,,,,1.08,1.0900473933649288,21.1,5.0,1.0,18.0
275,ホールトン,,,,,,,1.13,1.01,0.97,1.54,1.05,1.0932240597102298,683.3,180.0,27.0,567.0
495,浅尾　拓也,中日,1.29,2.67,,1.55,1.53,1.30,1.00,0.82,0.87,1.16,1.0936329588014981,400.5,108.0,13.0,330.0
341,千賀　滉大,ソフトバンク,1.21,1.07,1.05,0.85,0.97,1.03,3.21,,,,1.0977701543739278,524.7,193.0,14.0,383.0
257,吉見　一起,中日,1.24,1.41,1.23,0.96,1.20,1.38,0.97,0.87,1.17,1.05,1.1040922823400166,1092.3,180.0,17.0,1026.0
551,アルバース,オリックス,1.11,,,,,,,,,,1.105263157894737,114.0,21.0,2.0,105.0
804,床田　寛樹,,,1.10,,,,,,,,,1.111111111111111,17.1,3.0,0.0,16.0
597,バンデンハーク,ソフトバンク,1.29,1.14,0.96,0.98,,,,,,,1.1140939597315436,447.0,139.0,17.0,359.0
117,森　唯斗,ソフトバンク,1.20,1.13,1.38,0.93,0.94,,,,,,1.1151919866444073,299.5,70.0,7.0,264.0
354,ジャクソン,広島,1.46,1.00,1.01,,,,,,,,1.1163062536528345,171.1,65.0,2.0,126.0
374,比嘉　幹貴,オリックス,0.74,0.72,1.71,3.60,1.15,1.06,0.80,1.5,0.69,,1.1165919282511212,222.99999999999997,41.0,8.0,208.0
311,伊藤　翔,西武,1.12,,,,,,,,,,1.1176470588235294,17.0,2.0,1.0,17.0
373,杉内　俊哉,,,,,1.29,1.16,1.12,0.98,1.0,1.25,1.09,1.117889825946528,1114.6,340.0,38.0,906.0
380,金子　千尋,オリックス,1.32,1.17,1.25,1.11,1.04,1.00,1.26,1.06,1.12,1.07,1.1190845616757177,1546.8,399.0,23.0,1332.0
427,木村　雄太,,,,,,,,1.50,0.94,,,1.1261261261261262,22.2,6.0,1.0,19.0
513,ヒース,西武,0.82,,,1.25,1.18,,,,,,1.1276948590381426,120.60000000000001,45.0,3.0,91.0
870,平野　佳寿,,,1.27,0.98,1.39,1.08,1.13,0.88,0.78,1.18,1.46,1.128801146314281,628.1,161.0,9.0,548.0
887,西村　憲,,,,,,,4.00,,0.8,1.19,1.25,1.1288805268109123,106.30000000000001,22.0,5.0,98.0
58,平井　克典,西武,1.07,1.18,,,,,,,,,1.1322869955156951,89.2,25.0,5.0,76.0
121,玉置　隆,,,,,1.50,1.07,0.97,,,,,1.135135135135135,18.5,8.0,0.0,13.0
309,大竹　耕太郎,ソフトバンク,1.13,,,,,,,,,,1.1445783132530118,33.2,7.0,0.0,31.0
863,武田　勝,,,,0.0,1.51,1.49,1.29,1.03,0.98,1.07,1.18,1.1445987131730442,885.9000000000001,139.0,22.0,875.0
594,ミンチェ,,,,,,,4.00,1.67,0.85,,,1.1462450592885376,101.19999999999999,27.0,5.0,89.0
49,攝津　正,ソフトバンク,1.55,1.46,1.49,1.31,1.28,1.11,1.04,1.01,0.89,1.08,1.146923004429366,1061.1,330.0,39.0,887.0
165,井口　和朋,日本ハム,1.08,1.15,1.17,,,,,,,,1.148796498905908,91.4,24.0,2.0,81.0
496,ドリス,阪神,1.31,1.11,1.03,,,,,,,,1.1510791366906474,139.0,47.0,5.0,113.0
585,ＭＩＣＨＥＡＬ,,,,,,,,1.32,1.2,1.05,,1.1511789181692096,72.1,17.0,5.0,66.0
889,パディーヤ,,,,,,,1.14,,,,,1.1512027491408934,58.2,17.0,7.0,50.0
856,黒田　博樹,,,,1.2,1.10,,,,,,,1.151685393258427,320.4,59.0,10.0,310.0
176,河原　純一,,,,,,,,,1.33,1.36,1.00,1.1518324607329844,57.3,18.0,2.0,48.0
850,則本　昂大,楽天,1.21,1.06,1.24,1.15,1.12,1.14,,,,,1.1522708655683989,1098.7,277.0,28.0,989.0
410,エレラ,,,,,1.14,,,,,,,1.15234375,51.2,15.0,2.0,44.0
618,三井　浩二,,,,,,,,,,,1.15,1.1538461538461537,13.0,3.0,0.0,12.0
724,岩隈　久志,,,,,,,,,1.05,1.09,1.31,1.1595092024539877,489.0,98.0,23.0,469.0
232,土屋　朋弘,,,,,,,1.42,0.92,1.42,0.00,,1.1604095563139933,29.299999999999997,10.0,1.0,24.0
423,ハーマン,楽天,1.17,1.15,,,,,,,,,1.162079510703364,98.1,30.0,5.0,84.0
655,久保　裕也,楽天,1.27,1.30,1.42,,1.34,,4.00,0.94,1.04,1.24,1.1623439000960614,312.3,110.0,21.0,253.0
20,東　克樹,DeNA,1.16,,,,,,,,,,1.1627906976744187,129.0,35.0,1.0,115.0
33,岸田　護,オリックス,0.96,1.33,1.9,1.12,1.06,1.07,1.19,1.17,1.25,1.11,1.1647079459743903,570.1,122.0,9.0,542.0
656,モイネロ,ソフトバンク,1.32,0.98,,,,,,,,,1.164772727272727,70.4,36.0,3.0,46.0
277,成瀬　善久,,,1.26,1.51,1.31,1.36,1.22,1.05,1.09,1.02,1.13,1.1650910364145657,1142.4,233.0,22.0,1098.0
576,山﨑　康晃,DeNA,1.11,0.99,1.39,,,,,,,,1.165165165165165,166.5,49.0,2.0,145.0
101,髙木　伴,,,,1.17,,,,,,,,1.1666666666666667,6.0,2.0,0.0,5.0
24,高橋　聡文,,,,,1.13,1.26,1.36,1.55,0.0,1.11,1.05,1.167618059159315,192.7,64.0,8.0,161.0
791,澤田　圭佑,オリックス,1.05,1.46,,,,,,,,,1.167728237791932,47.1,14.0,2.0,41.0
138,高堀　和也,,,,,,,1.66,0.70,,,,1.1678832116788322,27.4,8.0,5.0,24.0
478,髙橋　聡文,阪神,1.73,0.90,1.28,,,,,,,,1.16869918699187,98.4,30.0,2.0,85.0
723,榊原　諒,,,,,1.60,1.40,1.50,1.45,0.92,0.99,1.69,1.1703703703703703,202.5,54.0,4.0,183.0
622,中﨑　翔太,広島,1.46,0.92,1.13,,,,,,,,1.1703958691910499,174.3,63.0,3.0,141.0
738,能見　篤史,阪神,1.11,1.22,1.3,1.30,1.29,1.08,1.07,1.03,1.22,1.13,1.1707317073170733,1434.9999999999998,381.0,34.0,1299.0
280,高木　京介,巨人,2.40,,,1.07,1.16,1.34,0.83,,,,1.1745406824146982,152.4,63.0,5.0,116.0
466,菊池　雄星,西武,1.04,0.91,1.29,1.14,1.51,1.14,1.23,1.31,,,1.1757501530924679,979.8,364.0,25.0,788.0
312,一岡　竜司,広島,1.20,1.06,1.05,1.70,0.74,1.35,1.00,,,,1.175917215428034,212.6,78.0,2.0,172.0
75,牧田　和久,,,1.02,0.89,1.36,1.29,1.25,1.19,0.95,,,1.176278563656148,919.0,206.0,63.0,875.0
381,ジョンソン,広島,1.26,1.36,1.13,1.10,,,,,,,1.1790393013100438,572.5,183.0,12.0,492.0
711,内　竜也,ロッテ,1.15,1.31,0.9,1.22,2.06,1.09,1.08,0.97,1.20,1.42,1.1791948699679375,280.69999999999993,110.0,10.0,221.0
817,高橋　朋己,,,,,1.22,1.13,1.13,,,,,1.1793785310734464,141.6,61.0,7.0,106.0
734,バリントン,,,,,1.14,1.34,1.13,1.20,1.11,,,1.1800502711998941,755.9,184.0,55.0,708.0
584,ギルメット,,,1.17,,,,,,,,,1.1808118081180812,54.2,15.0,2.0,49.0
388,パヤノ,,,,,,1.23,,,,,1.12,1.1808118081180812,54.2,33.0,5.0,31.0
23,ボルシンガー,ロッテ,1.18,,,,,,,,,,1.1810344827586208,116.0,40.0,0.0,97.0
876,相内　誠,西武,1.18,,,,,,,,,,1.1818181818181819,11.0,6.0,1.0,7.0
317,澤村　拓一,巨人,1.57,,1.27,1.16,1.14,1.14,1.33,0.97,,,1.1826996682827253,783.8,226.0,23.0,701.0
667,クルーン,,,,,,,,,,1.26,1.10,1.187624750499002,100.2,48.0,2.0,71.0
443,甲藤　啓介,,,,,,,,1.58,,1.17,0.90,1.189127972819932,88.3,29.0,10.0,76.0
731,西　勇輝,オリックス,1.23,1.16,1.32,1.13,1.16,1.33,1.13,1.03,1.11,0.25,1.1903363811760757,1192.1000000000001,300.0,70.0,1119.0
489,山本　由伸,オリックス,0.95,1.65,,,,,,,,,1.1904761904761905,71.4,19.0,3.0,66.0
68,金澤　健人,,,,,,,1.35,1.13,0.99,1.24,1.70,1.1919315403422985,163.59999999999997,59.0,10.0,136.0
492,グライシンガー,,,,,,,1.26,1.00,1.47,1.50,1.24,1.1929150661545027,468.6,84.0,16.0,475.0
356,薮田　安彦,,,,,,,,1.41,0.9,1.23,,1.1936936936936935,177.60000000000002,57.0,6.0,155.0
756,又吉　克樹,中日,1.71,1.09,1.37,1.20,0.96,,,,,,1.1939875212705615,352.6,117.0,17.0,304.0
94,高梨　雄平,楽天,1.28,1.10,,,,,,,,,1.1964735516372795,79.4,36.0,6.0,59.0
565,高梨　裕稔,日本ハム,1.25,1.28,1.05,1.09,,,,,,,1.1968549796156085,343.40000000000003,107.0,11.0,304.0
694,岩嵜　翔,ソフトバンク,0.00,0.98,1.07,1.41,1.27,1.35,1.16,1.16,1.75,1.85,1.1971162967178903,527.1,125.0,18.0,506.0
484,綾部　翔,,,1.20,,,,,,,,,1.2,5.0,2.0,0.0,4.0
634,嘉弥真　新也,ソフトバンク,0.68,1.29,1.77,1.27,1.45,0.99,2.54,,,,1.2006861063464838,174.9,57.0,12.0,153.0
238,佐藤　達也,,,1.62,1.62,1.24,0.93,1.12,1.24,,,,1.2021089630931459,284.5,144.0,4.0,198.0
113,シュルツ,,,,,,,0.00,,1.94,1.16,1.05,1.2027158098933075,103.1,35.0,1.0,89.0
583,上沢　直之,日本ハム,1.08,1.27,,1.39,1.17,,,,,,1.202718006795017,441.5,140.0,19.0,391.0
5,ネルソン,,,,,,,,1.85,1.05,1.49,1.27,1.2027186761229316,338.4,109.0,12.0,298.0
621,木村　正太,,,,,,,,,,,1.19,1.2027491408934707,29.1,12.0,0.0,23.0
360,金　無英,,,,1.0,,1.14,1.42,1.21,0.78,,2.00,1.2028725314183124,111.4,36.0,2.0,98.0
463,西野　勇士,ロッテ,2.00,1.69,1.16,1.04,0.83,1.29,,,,,1.2052216150576807,329.4,97.0,5.0,300.0
253,石川　歩,ロッテ,1.14,1.40,1.01,1.26,1.26,,,,,,1.2054448498456358,712.5999999999999,139.0,19.0,720.0
144,吉田　一将,オリックス,1.15,0.91,1.05,1.64,1.24,,,,,,1.205564142194745,258.8,88.0,9.0,224.0
554,石田　健大,DeNA,1.43,1.17,1.07,1.30,,,,,,,1.20630231413097,406.2,122.0,5.0,368.0
318,大隣　憲司,ロッテ,4.20,2.73,1.0,1.04,0.87,1.22,1.09,0.75,1.44,1.43,1.2067056776846434,632.3,176.0,24.0,587.0
348,公文　克彦,日本ハム,1.12,1.28,1.11,,,1.67,,,,,1.2072434607645874,99.4,24.0,4.0,96.0
418,建山　義紀,,,,,,1.36,,,,0.98,1.43,1.2076852698993594,109.30000000000001,27.0,4.0,105.0
437,桑原　謙太朗,阪神,1.19,0.94,,2.37,1.88,1.62,0.50,1.33,1.64,0.88,1.208086785009862,202.79999999999998,67.0,19.0,178.0
524,笠原　大芽,ソフトバンク,2.00,1.08,,,,,,,,,1.208791208791209,9.1,4.0,3.0,7.0
849,大瀬良　大地,広島,0.95,1.28,0.97,1.30,1.36,,,,,,1.210057621791514,572.6999999999999,150.0,8.0,543.0
355,小山　伸一郎,,,,,-,1.82,1.31,1.11,1.09,1.21,1.19,1.2104726283577016,294.09999999999997,113.0,16.0,243.0
119,小川　泰弘,ヤクルト,1.28,1.15,1.27,1.19,1.30,1.12,,,,,1.2109516343022555,829.1,228.0,16.0,776.0
401,白村　明弘,日本ハム,1.93,1.14,1.42,1.06,1.36,,,,,,1.2123552123552124,129.5,54.0,6.0,103.0
740,アルバラデホ,,,,,,,,,1.21,,,1.213307240704501,51.1,19.0,5.0,43.0
417,牛田　成樹,,,,,,,,2.14,1.14,1.08,1.83,1.215121512151215,111.1,51.0,3.0,84.0
63,内海　哲也,巨人,1.38,1.46,1.17,1.54,1.21,1.27,1.15,1.08,1.35,1.10,1.216162891642333,1267.1,303.0,46.0,1238.0
207,館山　昌平,ヤクルト,2.00,2.17,1.98,1.28,,1.44,1.10,0.97,1.16,1.27,1.2168410805548795,821.8,218.0,39.0,782.0
530,今永　昇太,DeNA,1.66,1.13,1.08,,,,,,,,1.2170959524483442,353.29999999999995,122.0,11.0,308.0
357,三上　朋也,DeNA,1.30,1.24,1.11,1.12,1.25,,,,,,1.2174267100977199,245.60000000000002,86.0,10.0,213.0
394,阿知羅　拓馬,,,1.31,1.12,,,,,,,,1.2177121771217712,27.1,9.0,1.0,24.0
826,岩田　稔,阪神,1.25,1.45,2.26,1.27,1.12,1.35,1.29,0.98,,1.14,1.2181879877841872,884.1,259.0,32.0,818.0
499,高木　康成,,,,,,,1.00,0.96,1.4,1.05,1.60,1.2191235059760954,125.50000000000001,53.0,4.0,100.0
53,メッセンジャー,阪神,1.23,1.24,1.28,1.15,1.23,1.17,1.17,1.16,1.48,,1.220679114891355,1504.9,480.0,29.0,1357.0
273,岩田　慎司,,,,0.0,1.56,1.31,1.40,1.04,1.54,1.06,,1.2207434603028913,217.89999999999998,63.0,13.0,203.0
506,増田　達至,西武,1.82,0.96,1.21,1.07,1.07,1.50,,,,,1.2216461438755672,308.59999999999997,84.0,9.0,293.0
290,ジー,中日,1.22,,,,,,,,,,1.2222222222222223,27.0,7.0,2.0,26.0
303,塩見　貴洋,楽天,1.16,1.25,1.23,1.06,1.41,,1.27,1.15,,,1.222252671964922,729.8,166.0,17.0,726.0
148,藤田　太陽,,,,,,,1.02,2.73,1.43,1.09,,1.2242424242424241,82.5,17.0,8.0,84.0
11,東浜　巨,ソフトバンク,1.24,1.12,1.11,1.82,1.64,1.26,,,,,1.2298650413582934,459.40000000000003,154.0,8.0,411.0
688,西村　健太朗,,,1.21,1.64,1.00,1.58,1.09,0.88,1.13,1.40,1.58,1.2299018584255585,478.9,167.0,27.0,422.0
571,青柳　晃洋,阪神,1.31,1.26,1.19,,,,,,,,1.2308812818645303,137.29999999999998,69.0,18.0,100.0
304,田嶋　大樹,オリックス,1.22,,,,,,,,,,1.2316715542521994,68.2,24.0,4.0,60.0
376,松井　裕樹,楽天,1.35,1.08,1.4,0.90,1.36,,,,,,1.2351945854483926,354.6,187.0,14.0,251.0
906,スパイアー,,,,,,,,,1.23,,,1.2371134020618557,29.1,7.0,3.0,29.0
569,パットン,DeNA,1.37,1.15,,,,,,,,,1.2376237623762376,101.0,33.0,3.0,92.0
276,三浦　大輔,,,,2.25,1.31,1.29,1.22,1.14,1.14,1.64,1.09,1.2378845343447114,949.2,224.0,24.0,951.0
678,小川　龍也,西武,0.75,1.30,0.95,2.00,1.86,1.67,1.25,0.0,,,1.239193083573487,69.4,30.0,8.0,56.0
697,石川　柊太,ソフトバンク,1.26,1.21,,,,,,,,,1.239943208707998,211.3,88.0,19.0,174.0
195,大谷　智久,ロッテ,1.59,1.17,1.34,0.97,0.91,1.57,1.26,1.22,1.73,,1.2406459235919653,507.8,116.0,17.0,514.0
505,ゴンザレス,,,,,,,2.25,,,1.45,0.98,1.243084933289945,307.29999999999995,59.0,20.0,323.0
191,永井　怜,,,,,0.00,1.83,1.13,1.43,1.15,1.32,1.19,1.2435519528371408,542.8,172.0,18.0,503.0
498,岩貞　祐太,阪神,1.20,1.40,1.1,1.69,1.33,,,,,,1.2451267056530213,410.40000000000003,151.0,10.0,360.0
189,秋山　拓巳,阪神,1.23,1.09,1.25,1.19,3.30,1.30,2.13,2.05,1.14,,1.2456661713719661,403.80000000000007,77.0,11.0,426.0
699,糸数　敬作,,,,,,,,6.00,1.38,1.32,1.13,1.2462462462462462,133.2,41.0,17.0,125.0
626,青山　浩二,楽天,1.14,1.15,1.53,0.95,1.37,1.34,1.04,1.14,1.18,1.52,1.2466742683390344,526.2,186.0,22.0,470.0
210,馬原　孝浩,,,,,2.16,1.28,0.33,,1.14,1.09,1.32,1.2470477090222012,211.70000000000002,64.0,5.0,200.0
120,大野　雄大,中日,1.87,1.31,1.26,1.04,1.23,1.33,1.21,2.5,,,1.2472698011265662,869.9000000000001,259.0,25.0,826.0
59,マテオ,阪神,2.05,1.12,1.16,,,,,,,,1.24804992199688,128.2,52.0,6.0,108.0
161,歳内　宏明,,,,1.44,1.22,1.38,0.75,1.20,,,,1.2484394506866419,80.1,46.0,3.0,54.0
808,増井　浩俊,オリックス,1.36,1.10,1.2,1.05,1.22,1.38,1.26,1.06,1.55,,1.2486525332375136,556.5999999999999,202.0,12.0,493.0
347,岡田　俊哉,中日,2.13,1.43,1.24,0.92,1.35,1.20,,,,,1.2487644151565074,303.5,114.0,8.0,265.0
231,高木　勇人,西武,1.83,0.91,1.34,1.16,,,,,,,1.2496171516079633,326.5,99.0,20.0,309.0
461,高橋　光成,,,,,1.25,,,,,,,1.25,44.0,23.0,4.0,32.0
841,深田　拓也,,,,,,,,,,,1.25,1.25,4.0,1.0,1.0,4.0
8,土本　恭平,,,,,,,,,,1.09,,1.25,3.2,3.0,1.0,1.0
494,宋　家豪,楽天,1.23,,,,,,,,,,1.25,31.2,17.0,0.0,22.0
266,山口　俊,巨人,1.20,1.90,1.13,1.48,1.35,1.33,1.10,1.06,1.18,1.11,1.2503005530175522,831.8000000000001,313.0,35.0,727.0
660,祖父江　大輔,中日,1.38,1.31,1.16,1.17,1.21,,,,,,1.2505726065048097,218.3,77.0,5.0,196.0
642,雄太,,,,0.0,1.20,1.28,0.93,1.29,,,,1.251348435814455,185.4,44.0,3.0,188.0
353,山内　壮馬,,,,0.0,,3.25,1.83,1.08,1.06,1.20,2.25,1.251664447403462,300.40000000000003,99.0,8.0,277.0
500,ソリアーノ,,,,,,,,,1.01,1.37,,1.2535612535612535,70.2,28.0,1.0,60.0
518,大原　慎司,,,,1.66,1.15,1.39,1.02,1.31,1.24,,,1.2540192926045017,186.6,68.0,8.0,166.0
666,田原　誠次,巨人,1.11,1.39,1.43,1.11,0.75,1.44,1.25,,,,1.2559618441971383,188.7,65.0,15.0,172.0
522,野田　昇吾,西武,1.43,0.99,1.42,,,,,,,,1.2570781426953566,88.30000000000001,40.0,5.0,71.0
684,矢地　健人,,,,,1.50,,0.86,0.84,3.0,3.00,,1.25748502994012,33.4,7.0,3.0,35.0
352,野村　祐輔,広島,1.34,1.22,1.15,1.52,1.44,1.20,1.13,,,,1.2582417582417582,910.0,244.0,27.0,901.0
14,岩瀬　仁紀,中日,1.03,1.43,1.65,,1.53,1.26,1.12,1.23,1.25,1.16,1.2606232294617563,353.0,101.0,14.0,344.0
32,久保　康友,,,1.62,1.35,1.28,1.32,1.21,1.15,1.31,1.13,1.26,1.2612356892799697,1056.9,296.0,58.0,1037.0
590,益田　直也,ロッテ,1.09,1.73,1.17,1.30,1.41,1.31,1.06,,,,1.2612381197020295,389.29999999999995,126.0,13.0,365.0
329,横山　竜士,,,,,,2.25,1.33,0.92,5.0,1.08,1.30,1.2624035281146637,181.4,73.0,10.0,156.0
215,石崎　剛,阪神,1.33,1.01,1.22,1.76,,,,,,,1.263157894736842,66.5,40.0,4.0,44.0
240,河内　貴哉,,,,,6.00,1.30,1.21,1.15,,,,1.2641083521444694,44.300000000000004,20.0,6.0,36.0
624,萬谷　康平,,,,,1.33,1.23,,,,,,1.2650602409638554,33.2,13.0,0.0,29.0
76,ロメロ,,,,,,,,,1.32,0.91,,1.2655601659751037,48.2,19.0,1.0,42.0
564,菊地　和正,,,,,,3.00,1.75,1.18,,1.29,1.14,1.265993265993266,148.5,48.0,6.0,140.0
213,小笠原　孝,,,,,,,,1.50,0.0,1.64,1.17,1.266829865361077,163.4,45.0,7.0,162.0
181,佐藤　賢,,,,,,,,,0.86,4.50,0.75,1.2698412698412698,6.300000000000001,1.0,1.0,7.0
133,福山　博之,楽天,1.97,1.06,1.21,1.41,1.11,1.27,2.00,1.28,,,1.2708333333333335,335.99999999999994,96.0,12.0,331.0
671,ガルシア,中日,1.27,,,,,,,,,,1.2709497206703912,143.2,64.0,4.0,118.0
777,バーネット,,,,,0.89,1.18,1.36,1.01,1.19,1.76,,1.271051795360661,314.7,114.0,15.0,286.0
638,ジオ,,,,,,,,1.64,1.17,1.23,,1.271384136858476,257.2,89.0,16.0,238.0
287,涌井　秀章,ロッテ,1.33,1.32,1.29,1.25,1.34,1.28,1.40,1.26,1.25,1.12,1.2720780462921635,1568.3,482.0,67.0,1513.0
691,ペトリック,,,,1.27,,,,,,,,1.2738853503184713,47.1,12.0,0.0,48.0
263,マルティネス,日本ハム,1.27,,,,,,,,,,1.2740740740740741,135.0,32.0,4.0,140.0
682,田島　慎二,中日,1.67,1.04,1.27,1.24,1.49,1.52,0.95,,,,1.2741030021967295,409.7,171.0,25.0,351.0
88,荻野　忠寛,,,,,,,1.59,1.06,,,1.24,1.2773109243697478,59.5,17.0,2.0,59.0
603,今井　達也,西武,1.28,,,,,,,,,,1.2777777777777777,54.0,21.0,6.0,48.0
662,ソト,,,,,,1.00,2.41,1.06,1.08,,,1.2778065183652354,193.3,68.0,8.0,179.0
483,ルーキ,,,1.20,1.33,,,,,,,,1.2781350482315113,124.4,39.0,7.0,120.0
751,鍵谷　陽平,日本ハム,1.44,0.88,1.3,1.64,1.22,1.37,,,,,1.2790697674418603,240.8,102.0,4.0,206.0
444,越智　大祐,,,,,,,,3.25,1.14,1.33,1.20,1.2808460634547592,170.2,67.0,6.0,151.0
246,ポレダ,,,,1.63,1.22,,,,,,,1.2816091954022988,174.0,65.0,10.0,158.0
125,石川　雅規,ヤクルト,1.46,1.44,1.36,1.21,1.39,1.23,1.25,1.18,1.27,1.16,1.2816321192702547,1529.2999999999997,344.0,48.0,1616.0
690,村田　透,日本ハム,1.22,1.35,,,,,,,,,1.2822719449225473,116.2,43.0,8.0,106.0
755,大竹　寛,巨人,1.67,1.35,1.32,1.20,1.25,1.23,1.29,1.11,1.78,1.28,1.2827955788768561,895.7,264.0,23.0,885.0
30,カルロス・ロサ,,,,,1.52,1.25,1.20,2.00,1.1,,,1.2840466926070038,205.60000000000002,64.0,7.0,200.0
588,押本　健彦,,,,,,2.00,1.58,1.42,1.24,1.16,1.08,1.284435261707989,290.4,88.0,9.0,285.0
692,東野　峻,,,,,2.00,,1.88,0.60,1.22,1.32,1.24,1.2849162011173183,501.20000000000005,186.0,28.0,458.0
602,堀　瑞輝,日本ハム,1.33,1.13,,,,,,,,,1.2857142857142858,35.0,11.0,2.0,34.0
70,サターホワイト,,,,1.29,,,,,,,,1.2857142857142858,21.0,8.0,0.0,19.0
47,スタンリッジ,,,1.58,1.31,1.34,1.24,1.29,1.19,1.21,1.25,,1.2857768052516412,1142.5,359.0,72.0,1110.0
80,中田　賢一,ソフトバンク,1.53,1.41,1.26,1.26,1.41,1.33,1.09,1.09,1.19,1.26,1.285936285936286,1029.6,414.0,63.0,910.0
893,香月　良太,,,,,1.12,1.27,1.53,1.43,1.09,1.31,1.24,1.2860394537177544,263.59999999999997,66.0,15.0,273.0
60,ウィーランド,DeNA,1.52,1.14,,,,,,,,,1.2864414622859788,216.1,65.0,7.0,213.0
710,二木　康太,ロッテ,1.10,1.19,1.52,1.20,,,,,,,1.2870699881376038,337.2,95.0,6.0,339.0
434,松下　建太,,,,,,,1.26,,,,,1.2871287128712872,10.1,2.0,2.0,11.0
0,青木　勇人,,,,,,,,,,1.31,1.23,1.2874251497005988,33.4,7.0,2.0,36.0
1,バルデス,,,1.27,1.28,1.25,,,,,1.52,,1.287740164684355,437.2,136.0,20.0,427.0
112,川井　雄太,,,,,,,,,1.19,1.40,1.32,1.288265306122449,235.2,67.0,4.0,236.0
281,筒井　和也,,,,3.0,2.20,1.32,0.99,1.28,1.19,1.66,1.26,1.2885906040268458,223.49999999999997,84.0,13.0,204.0
464,多田野　数人,,,,,,1.69,1.14,1.21,1.19,1.50,1.39,1.2886142983230362,226.6,64.0,8.0,228.0
2,山岡　泰輔,オリックス,1.31,1.27,,,,,,,,,1.2889891018414128,266.1,96.0,7.0,247.0
587,田口　麗斗,巨人,1.63,1.22,1.23,1.21,,,,,,,1.2899853648337865,478.29999999999995,150.0,19.0,467.0
685,モリーヨ,,,,,,,,,,1.20,,1.2903225806451613,6.2,5.0,0.0,3.0
659,ジョーダン,,,1.17,1.36,,,,,,,,1.291645310097386,195.1,89.0,14.0,163.0
271,福原　忍,,,,1.69,1.36,1.28,1.13,1.18,1.17,1.44,1.40,1.2916902204635385,353.80000000000007,108.0,12.0,349.0
449,加賀　繁,DeNA,1.45,1.37,1.5,1.75,1.17,1.47,1.02,1.17,1.33,,1.2922210849539406,390.8,84.0,19.0,421.0
631,フィガロ,,,,,,,,1.25,1.31,,,1.2927350427350428,187.2,55.0,6.0,187.0
668,大場　翔太,,,,,,1.17,1.34,1.01,1.09,2.89,1.41,1.2933385274639655,256.70000000000005,119.0,17.0,213.0
610,江尻　慎太郎,,,,,,1.41,1.38,2.50,1.02,,1.44,1.294642857142857,134.4,44.0,5.0,130.0
611,武田　翔太,ソフトバンク,1.29,1.42,1.27,1.22,1.34,1.58,0.99,,,,1.2959912136188907,728.4,311.0,22.0,633.0
175,山井　大介,中日,1.22,0.75,1.3,1.30,1.28,1.53,0.93,1.51,1.31,1.69,1.2973101642466076,840.2000000000002,305.0,26.0,785.0
187,鶴　直人,,,,2.57,1.30,1.54,1.30,0.98,1.23,1.39,2.00,1.2976085031000886,225.79999999999998,79.0,9.0,214.0
661,美馬　学,楽天,1.41,1.10,1.37,1.42,1.50,1.52,1.15,0.87,,,1.2995961035875503,841.8000000000001,205.0,37.0,889.0
322,岩崎　優,阪神,1.53,1.26,1.35,1.21,1.23,,,,,,1.2996688741721856,362.4,121.0,19.0,350.0
256,飯田　優也,,,1.48,1.22,1.26,1.30,,,,,,1.3000616142945163,162.3,80.0,4.0,131.0
829,辛島　航,楽天,1.39,1.22,1.31,1.34,1.33,1.39,1.05,,1.58,2.20,1.3011908219575952,688.6,211.0,20.0,685.0
425,三瀬　幸司,,,,,,0.00,0.98,1.00,1.27,,1.70,1.3026819923371646,78.30000000000001,20.0,3.0,82.0
272,有原　航平,日本ハム,1.22,1.38,1.21,1.40,,,,,,,1.3037760661281232,532.3,124.0,14.0,570.0
490,渡辺　亮,,,,,2.25,1.64,1.47,1.55,0.97,1.25,1.28,1.3040093421564813,256.9,121.0,7.0,214.0
447,谷元　圭介,中日,2.59,,1.13,1.22,0.88,1.46,1.26,1.42,1.40,1.63,1.3043478260869563,423.20000000000005,147.0,10.0,405.0
141,成田　翔,ロッテ,1.25,1.30,,,,,,,,,1.3043478260869563,16.1,6.0,1.0,15.0
219,オビスポ,,,,,,,,,7.0,1.61,0.94,1.3047530288909597,107.30000000000001,32.0,11.0,108.0
746,小山　雄輝,,,2.82,1.54,1.60,1.21,1.40,0.92,1.62,,,1.3051470588235294,217.6,78.0,6.0,206.0
229,根本　朋久,,,,,,,1.38,0.97,2.0,1.16,1.85,1.3054187192118225,40.6,16.0,3.0,37.0
339,望月　惇志,阪神,1.31,,1.0,,,,,,,,1.3058419243986255,29.1,10.0,0.0,28.0
477,唐川　侑己,ロッテ,1.20,1.36,1.36,1.68,1.54,1.38,1.13,1.08,1.22,1.21,1.3059806590930427,1065.1000000000001,287.0,45.0,1104.0
92,柳　裕也,中日,1.54,1.07,,,,,,,,,1.3065843621399176,97.2,30.0,2.0,97.0
553,モスコーソ,,,,1.34,1.47,1.22,,,,,,1.3067784765897974,286.2,91.0,3.0,283.0
448,木谷　寿巳,,,,,,,,,,1.15,1.40,1.3068181818181817,35.2,13.0,1.0,33.0
295,久保田　智之,,,,,,,1.43,1.33,1.66,1.09,3.86,1.3073929961089494,128.5,42.0,1.0,126.0
497,今村　猛,広島,1.60,1.24,1.11,1.42,1.26,1.50,1.06,1.35,3.25,,1.3075268817204302,464.99999999999994,172.0,9.0,436.0
783,ヤングマン,巨人,1.31,,,,,,,,,,1.3076923076923077,26.0,9.0,0.0,25.0
474,金刃　憲人,,,2.40,1.08,2.00,1.94,1.06,,1.24,1.53,1.00,1.3077351140790208,179.7,61.0,13.0,174.0
365,有吉　優樹,ロッテ,1.40,1.16,,,,,,,,,1.307861866274798,136.1,40.0,6.0,138.0
782,石井　裕也,,,1.83,0.92,1.29,2.28,1.48,0.82,1.11,0.94,1.46,1.3085052843482639,198.7,81.0,3.0,179.0
293,黒木　優太,オリックス,1.44,1.22,,,,,,,,,1.3088404133180254,87.1,38.0,2.0,76.0
157,松永　浩典,,,,,,,,1.25,0.95,2.18,1.55,1.3099415204678362,85.5,28.0,6.0,84.0
732,安樂　智大,,,1.51,1.2,1.17,,,,,,,1.3111268603827073,141.1,45.0,8.0,140.0
285,スアレス,ソフトバンク,1.71,,1.25,,,,,,,,1.3122923588039868,60.2,22.0,1.0,57.0
865,ペン,,,,,,,,1.38,1.23,1.32,,1.3123644251626898,92.2,29.0,2.0,92.0
324,藤江　均,,,,,1.88,1.63,0.88,1.11,0.99,1.60,1.71,1.3136363636363637,219.99999999999997,65.0,10.0,224.0
867,松永　昂大,ロッテ,1.23,1.24,1.36,1.28,1.55,1.24,,,,,1.3143525741029642,256.4,99.0,19.0,238.0
647,松家　卓弘,,,,,,,,,,2.21,0.89,1.3145539906103287,21.299999999999997,12.0,3.0,16.0
416,正田　樹,,,,,,,1.09,1.42,,,,1.3151364764267992,40.3,6.0,4.0,47.0
880,福田　聡志,,,,,,2.07,1.94,0.94,1.58,1.20,1.32,1.315524193548387,198.4,82.0,8.0,179.0
903,帆足　和幸,,,,,1.31,1.43,1.40,3.00,1.22,1.27,1.32,1.3176367358876866,683.8,175.0,36.0,726.0
419,豊田　清,,,,,,,,,1.06,1.95,1.23,1.3184079601990049,80.4,22.0,1.0,84.0
282,加藤　康介,,,,,2.57,1.73,0.97,0.80,1.88,1.92,1.33,1.3184828416616496,166.1,71.0,8.0,148.0
707,多和田　真三郎,西武,1.29,1.23,1.43,,,,,,,,1.3189093064611739,337.4,108.0,26.0,337.0
57,松岡　健一,ヤクルト,1.71,1.26,1.54,1.25,1.41,1.50,1.58,0.98,1.05,1.45,1.3198757763975155,450.8,151.0,23.0,444.0
771,小林　宏之,,,,,,,,,,,1.32,1.319910514541387,134.1,35.0,7.0,142.0
415,永川　勝浩,広島,1.38,,1.6,1.56,1.15,0.96,,1.46,1.94,1.32,1.3206732844195082,231.7,76.0,13.0,230.0
306,青木　高広,,,,,,1.15,0.83,,1.29,1.74,1.24,1.3206816421378778,258.2,64.0,13.0,277.0
234,宮國　椋丞,巨人,1.16,1.44,1.18,1.08,1.79,1.69,1.07,,,,1.321257325519446,375.4,118.0,9.0,378.0
327,高橋　尚成,,,,,2.16,,,,,,1.27,1.3214990138067062,152.1,40.0,6.0,161.0
243,中郷　大樹,,,,,,1.88,1.30,1.06,1.35,,1.63,1.3217703349282297,167.2,54.0,9.0,167.0
375,榎田　大樹,西武,1.28,1.89,1.39,1.50,1.79,1.17,1.32,1.12,,,1.3230539666749563,402.1,160.0,42.0,372.0
129,ブランドン,,,,,,,,1.37,1.16,,,1.3232104121475057,92.19999999999999,37.0,6.0,85.0
179,ソーサ,,,,,,2.07,1.19,1.15,,,,1.325136612021858,146.4,54.0,2.0,140.0
785,山中　浩史,ヤクルト,1.50,1.43,1.14,1.22,,1.88,,,,,1.3255240443896423,324.40000000000003,65.0,20.0,365.0
747,小熊　凌祐,中日,1.17,1.59,1.32,1.33,2.50,0.84,3.00,2.22,,,1.3259376650818808,189.29999999999998,70.0,6.0,181.0
679,マエストリ,,,,,1.42,1.21,1.45,1.15,,,,1.3262476894639559,216.39999999999998,97.0,24.0,190.0
162,鈴木　義広,,,,,,-,1.47,1.63,1.27,1.17,1.29,1.3263358778625953,104.80000000000001,50.0,8.0,89.0
34,塚原　頌平,,,1.29,1.39,1.37,,,1.14,,,,1.3269794721407624,136.4,70.0,8.0,111.0
568,メンドーサ,,,,,,1.33,,,,,,1.3271604938271604,162.0,45.0,10.0,170.0
93,福谷　浩司,中日,1.22,1.65,1.35,1.45,1.07,2.05,,,,,1.3273500236183278,211.70000000000002,75.0,7.0,206.0
744,寺原　隼人,ソフトバンク,1.88,1.49,1.73,1.08,1.34,1.37,1.44,1.2,,1.35,1.327741731286596,631.9,197.0,21.0,642.0
633,陽　耀勲,,,,,,,,0.98,,1.56,1.86,1.3277511961722486,83.60000000000001,42.0,9.0,69.0
674,藤浪　晋太郎,阪神,1.89,1.66,1.31,1.23,1.31,1.18,,,,,1.3278008298755186,771.2,339.0,41.0,685.0
259,小野　晋吾,,,,,,,,1.12,1.42,1.42,1.35,1.3279056709713644,356.2,98.0,19.0,375.0
543,森内　壽春,,,,,1.00,1.38,2.11,1.20,,,,1.3280212483399736,75.3,33.0,1.0,67.0
828,林　昌範,,,,,1.71,1.48,1.08,1.15,3.25,0.95,1.30,1.3304252998909487,183.4,73.0,5.0,171.0
577,松葉　貴大,オリックス,1.57,1.24,1.27,1.60,1.23,1.37,,,,,1.3306744017403918,551.5999999999999,208.0,10.0,526.0
670,藤嶋　健人,中日,1.33,,,,,,,,,,1.3311148086522462,60.1,23.0,0.0,57.0
567,山村　宏樹,,,,,,,,,1.23,1.38,1.00,1.3313161875945538,66.1,18.0,6.0,70.0
763,野上　亮磨,巨人,1.38,1.06,1.45,1.29,1.37,1.19,1.42,1.85,1.68,1.46,1.3322981366459625,966.0000000000001,299.0,40.0,988.0
799,ラズナー,,,,,,,1.12,1.14,1.28,1.39,1.44,1.3324213406292749,365.5,120.0,16.0,367.0
201,長田　秀一郎,,,,2.75,1.40,1.41,,0.84,1.98,1.21,2.77,1.3330300272975433,219.79999999999998,86.0,11.0,207.0
706,ブレイシア,,,1.33,,,,,,,,,1.3333333333333333,30.0,8.0,0.0,32.0
789,菊地　正法,,,,,,,,,,,1.33,1.3333333333333333,6.0,2.0,0.0,6.0
10,朴　贊浩,,,,,,,,,1.33,,,1.3333333333333333,42.0,12.0,3.0,44.0
805,マドリガル,,,,,,,1.33,,,,,1.3333333333333333,39.0,18.0,1.0,34.0
218,ウルフ,西武,1.54,1.34,1.27,2.44,1.23,1.28,1.31,1.31,1.27,,1.334305021862992,754.7,193.0,28.0,814.0
265,木佐貫　洋,,,,,0.00,1.38,1.32,1.18,1.49,1.41,1.50,1.334497816593886,572.5000000000001,192.0,23.0,572.0
654,ボーグルソン,,,,,,,,,,,1.32,1.3349514563106795,41.2,16.0,4.0,39.0
325,石井　一久,,,,,,,1.69,1.28,1.32,1.33,1.38,1.334971334971335,488.4,181.0,22.0,471.0
459,ネイラー,,,,1.41,1.29,,,,,,,1.3370786516853932,89.0,37.0,7.0,82.0
608,トンキン,日本ハム,1.33,,,,,,,,,,1.3375796178343948,47.1,21.0,7.0,42.0
869,浦野　博司,日本ハム,1.13,1.58,,1.63,1.22,,,,,,1.3380909901873328,224.2,73.0,3.0,227.0
413,若松　駿太,,,1.68,1.42,1.15,1.53,,,,,,1.3381201044386422,306.40000000000003,104.0,3.0,306.0
546,上野　大樹,,,,,1.50,1.26,1.46,1.15,1.21,1.53,1.55,1.3387034906022248,260.7,85.0,7.0,264.0
233,原　樹理,ヤクルト,1.26,1.27,1.57,,,,,,,,1.3400626522798469,287.3,87.0,14.0,298.0
99,モルケン,,,,,,,1.50,1.27,,,,1.3402061855670102,29.1,10.0,1.0,29.0
534,田中　靖洋,ロッテ,1.22,0.66,1.29,1.13,2.29,,1.92,,1.74,,1.3406795224977044,108.89999999999999,38.0,5.0,108.0
767,十亀　剣,西武,1.33,1.38,1.63,1.30,1.41,1.23,1.26,,,,1.3409804724839545,732.3000000000001,256.0,40.0,726.0
462,武藤　祐太,DeNA,1.35,,2.25,1.57,1.08,1.41,1.03,1.38,,,1.3413413413413413,199.8,78.0,6.0,190.0
158,ジャマーノ,,,,,,,,,,,1.34,1.3421052631578947,76.0,10.0,6.0,92.0
516,ランドルフ,,,,,,,,,,1.42,1.22,1.3424657534246576,146.0,86.0,7.0,110.0
284,吉川　光夫,巨人,1.30,1.72,1.61,1.31,1.60,1.29,0.88,1.71,1.77,1.78,1.3428246013667424,878.0000000000001,337.0,37.0,842.0
818,大石　達也,西武,1.78,1.09,1.07,1.20,,1.50,1.42,,,,1.3447251114413077,134.6,56.0,7.0,125.0
521,福盛　和男,,,,,,,,,,7.00,1.21,1.3449023861171365,46.1,14.0,1.0,48.0
297,加藤　貴之,日本ハム,1.33,1.36,1.34,,,,,,,,1.3455258001306336,306.2,91.0,5.0,321.0
891,藤平　尚真,楽天,1.58,1.04,,,,,,,,,1.3477366255144032,97.2,52.0,7.0,79.0
719,レイ,,,,1.85,1.29,,1.19,,,,,1.3477653631284918,143.2,48.0,8.0,145.0
262,ロマン,,,,,1.28,1.13,1.49,1.33,,,,1.3484190948543087,322.6,138.0,17.0,297.0
601,エスコバー,DeNA,1.35,,,,,,,,,,1.3488372093023255,43.0,18.0,2.0,40.0
700,ウィリアムス,,,,,,1.53,1.13,1.25,,,1.41,1.3501577287066246,158.5,91.0,17.0,123.0
430,石山　泰稚,ヤクルト,1.07,1.17,1.5,1.40,1.44,1.51,,,,,1.3504517356157868,420.6,145.0,8.0,423.0
100,カブレラ,,,,,,1.51,1.24,,,,,1.3509316770186337,193.2,75.0,10.0,186.0
438,ディクソン,オリックス,1.21,1.37,1.48,1.25,1.37,1.35,,,,,1.3519444105814946,820.3,289.0,22.0,820.0
21,中山　慎也,,,,,1.70,1.11,2.05,1.27,1.26,1.34,2.04,1.3545232273838632,408.99999999999994,160.0,17.0,394.0
200,武田　久,,,1.91,2.77,,2.74,1.69,1.38,0.78,1.40,1.13,1.3551077136900627,287.79999999999995,83.0,11.0,307.0
96,片山　博視,,,,,,6.00,1.51,1.67,1.21,1.14,,1.35547087642896,183.70000000000002,73.0,9.0,176.0
217,柳瀬　明宏,,,6.60,2.0,1.55,1.13,1.02,,,,3.25,1.3561190738699007,90.7,37.0,5.0,86.0
64,小野寺　力,,,,,,,,1.29,2.81,1.15,1.34,1.3575525812619504,104.6,35.0,3.0,107.0
173,蕭　一傑,,,,,,,,,1.32,,,1.3580246913580247,8.1,4.0,0.0,7.0
609,海田　智行,オリックス,1.88,1.41,1.15,1.28,1.58,1.33,1.47,,,,1.3582208101667992,251.79999999999998,82.0,5.0,260.0
40,木村　文紀,,,,,,,,1.43,1.32,,,1.358974358974359,39.0,13.0,3.0,40.0
391,笠原　祥太郎,中日,1.44,1.21,,,,,,,,,1.3589945011783189,127.3,56.0,12.0,117.0
772,小林宏,,,,,,2.12,,,1.59,1.07,,1.3591359135913592,111.1,41.0,5.0,110.0
269,平井　正史,,,,,,1.00,1.62,2.57,1.45,1.14,1.32,1.3597972972972971,118.4,40.0,9.0,121.0
822,久古　健太郎,,,4.80,1.18,1.30,1.54,1.06,1.50,1.35,,,1.3602015113350125,158.8,47.0,18.0,169.0
695,高崎　健太郎,,,5.00,,1.63,1.37,1.61,1.29,1.23,1.80,1.31,1.361634666196935,567.7,152.0,7.0,621.0
796,ダックワース,,,,,,,1.46,1.10,,,,1.362530413625304,123.30000000000001,45.0,7.0,123.0
166,中崎　翔太,,,,,1.21,1.37,1.62,1.10,,,,1.3634059807399899,197.3,77.0,6.0,192.0
733,今井　啓介,,,1.80,,1.00,2.18,1.37,1.25,1.35,1.61,1.16,1.3634894991922455,309.5,115.0,15.0,307.0
736,藪　恵壹,,,,,,,,,,1.36,,1.3636363636363635,11.0,6.0,2.0,9.0
780,李　恵踐,,,,,,,,,,1.02,1.51,1.3653136531365313,54.2,21.0,3.0,53.0
552,山田　大樹,ヤクルト,2.47,1.50,1.83,,2.20,1.75,1.25,1.09,1.57,,1.3657770800627944,382.2,165.0,24.0,357.0
344,戸根　千明,,,2.13,1.5,1.08,,,,,,,1.365795724465558,84.2,39.0,5.0,76.0
453,平井　諒,,,3.38,1.16,,,1.42,1.37,,,,1.365935919055649,59.300000000000004,21.0,2.0,60.0
431,ブキャナン,ヤクルト,1.39,1.34,,,,,,,,,1.367275056035863,312.29999999999995,103.0,18.0,324.0
71,武隈　祥太,西武,1.71,1.10,1.28,1.59,1.25,1.17,1.45,0.5,1.47,1.64,1.3673857868020305,315.2,140.0,14.0,291.0
61,川島　亮,,,,,,,,,2.0,1.41,1.33,1.3680781758957656,92.1,36.0,3.0,90.0
56,有銘　兼久,,,,,,,,-,1.28,1.25,1.37,1.368584758942457,64.30000000000001,37.0,9.0,51.0
529,才木　浩人,阪神,1.33,1.88,,,,,,,,,1.3688760806916425,69.4,33.0,4.0,62.0
340,西口　文也,,,,,1.75,1.64,2.53,1.30,1.04,1.60,1.59,1.3691376701966715,396.6,153.0,18.0,390.0
687,岡田　明丈,広島,1.41,1.39,1.28,,,,,,,,1.3703600334914878,358.29999999999995,146.0,8.0,345.0
606,八木　智哉,,,1.45,0.83,1.42,1.91,1.73,1.25,1.4,1.67,1.27,1.371016235718581,332.6,112.0,20.0,344.0
875,大田　阿斗里,,,,2.0,,2.00,1.24,,,,,1.3716814159292035,45.2,21.0,4.0,41.0
604,松田　遼馬,ソフトバンク,1.67,1.51,0.85,1.63,1.07,1.35,,,,,1.372397841171935,129.70000000000002,52.0,2.0,126.0
343,藤田　宗一,,,,,,,,,1.61,,1.21,1.3740458015267174,26.200000000000003,6.0,3.0,30.0
813,久本　祐一,,,,6.0,,1.00,1.42,1.63,1.0,1.67,,1.3740458015267176,131.0,59.0,6.0,121.0
598,藤井　秀悟,,,,,,,1.47,1.43,1.4,1.16,1.47,1.3749434644957033,442.2,178.0,17.0,430.0
230,グウィン,,,,,,,,,,,1.38,1.375,48.0,29.0,5.0,37.0
267,藤岡　好明,DeNA,1.25,2.31,,1.70,1.83,1.43,0.99,1.8,1.43,1.34,1.37550570062523,271.9,98.0,13.0,276.0
749,ヘーゲンズ,,,2.07,1.25,,,,,,,,1.3761467889908259,98.1,40.0,3.0,95.0
258,シュリッター,,,1.37,,,,,,,,,1.3765822784810127,63.2,29.0,0.0,58.0
260,カミネロ,巨人,1.77,1.25,,,,,,,,,1.3776137761377614,81.3,29.0,5.0,83.0
7,清水　昭信,,,,,,,1.50,,,1.31,1.93,1.377840909090909,70.4,38.0,11.0,59.0
199,藤原　正典,,,,,,,1.32,2.18,1.24,1.35,,1.3781512605042017,59.5,26.0,1.0,56.0
816,ナーブソン,,,,,,1.38,,,,,,1.3795620437956204,137.0,53.0,2.0,136.0
205,ルブラン,,,,,1.37,,,,,,,1.3800904977375565,44.2,18.0,2.0,43.0
561,ケッペル,,,,,,,1.66,2.33,1.35,1.32,,1.3852097130242826,362.4,131.0,25.0,371.0
693,井納　翔一,DeNA,1.44,1.27,1.34,1.51,1.33,1.52,,,,,1.38646288209607,732.8,232.0,28.0,784.0
582,七條　祐樹,,,,,,1.39,1.23,1.40,1.47,,,1.3872832369942196,138.4,48.0,4.0,144.0
779,安藤　優也,,,3.00,0.96,1.21,1.46,1.38,1.27,4.2,1.77,1.41,1.3873684210526318,474.99999999999994,139.0,12.0,520.0
871,渡辺　俊介,,,,,,,1.70,1.33,1.35,1.46,1.32,1.3886210221793636,518.5,152.0,32.0,568.0
846,梅津　智弘,,,,,,1.53,1.26,2.25,1.2,1.59,0.85,1.3900589721988206,118.7,38.0,11.0,127.0
363,クロッタ,,,,,1.92,1.11,,,,,,1.3904982618771726,86.3,35.0,10.0,85.0
623,山本　一徳,,,,,,,,,1.21,1.60,1.29,1.3919413919413919,27.3,14.0,1.0,24.0
44,東明　大貴,オリックス,1.02,1.38,1.73,1.17,1.38,,,,,,1.3924665856622116,411.49999999999994,145.0,12.0,428.0
482,池田　駿,巨人,1.65,1.22,,,,,,,,,1.3937282229965156,57.400000000000006,23.0,3.0,57.0
900,ユウキ,,,,,,,,,,0.00,1.39,1.3958125623130608,100.3,36.0,7.0,104.0
420,大久保　勝信,,,,,,,,,,1.86,1.32,1.3958333333333333,48.0,21.0,3.0,46.0
139,斎藤　隆,,,,,2.57,1.34,1.31,,,,,1.3973063973063973,59.400000000000006,26.0,3.0,57.0
160,アドゥワ　誠,広島,1.39,,,,,,,,,,1.3976705490848584,60.1,28.0,2.0,56.0
532,榎下　陽大,,,1.59,1.41,,6.00,0.81,,3.0,,,1.3980582524271845,51.5,25.0,2.0,47.0
879,日高　亮,,,,,,,3.00,1.21,1.92,,,1.399688958009331,64.30000000000001,29.0,1.0,61.0
729,前田　祐二,,,,,2.04,,1.14,1.45,,1.88,,1.3996889580093312,128.6,49.0,4.0,131.0
170,宮﨑　敦次,,,1.75,0.0,,,,,,,,1.4,10.0,3.0,3.0,11.0
66,レルー,,,,,,,,,1.4,,,1.4,5.0,1.0,0.0,6.0
750,小林　太志,,,,,,1.33,2.03,1.29,1.28,1.57,1.40,1.4003868471953578,258.5,92.0,21.0,270.0
471,星野　真澄,,,,,,,,0.97,1.88,1.46,,1.4008620689655171,46.400000000000006,21.0,5.0,44.0
832,デイビーズ,,,,1.4,,,,,,,,1.4024390243902438,82.0,31.0,4.0,84.0
90,由規,ヤクルト,1.57,1.49,1.79,,,,,1.24,1.38,1.37,1.4029493822239936,501.8,245.0,23.0,459.0
147,髙橋　遥人,阪神,1.38,,,,,,,,,,1.4035087719298245,34.2,14.0,0.0,34.0
192,佐藤　優,中日,1.15,1.73,1.56,,,,,,,,1.4035087719298247,74.1,45.0,5.0,59.0
614,中村　祐太,広島,1.66,1.26,,,,,,,,,1.4039855072463767,110.4,45.0,7.0,110.0
786,チェン・グァンユウ,ロッテ,1.44,1.40,1.42,1.37,,,,,,,1.4046822742474916,179.4,79.0,2.0,173.0
855,川上　憲伸,,,,,,1.56,1.39,1.22,,,,1.4058956916099772,88.2,40.0,4.0,84.0
248,酒居　知史,ロッテ,1.53,1.27,,,,,,,,,1.4080656185919342,146.3,50.0,7.0,156.0
390,神内　靖,,,,,,,1.90,1.05,2.4,1.44,1.38,1.4102564102564101,85.80000000000001,41.0,5.0,80.0
531,山本　哲哉,ヤクルト,1.64,1.62,,1.27,1.58,1.24,1.25,1.5,,,1.411653244907627,211.09999999999997,69.0,9.0,229.0
904,西川　健太郎,,,,,1.77,,1.50,0.43,,,,1.4143094841930117,60.1,27.0,0.0,58.0
342,ハフ,ヤクルト,1.42,,,,,,,,,,1.4166666666666667,84.0,20.0,4.0,99.0
319,オセゲラ,,,,,,2.00,1.22,,,,,1.4166666666666667,48.0,20.0,1.0,48.0
581,カスティーヨ,西武,1.41,,,,,,,,,,1.417004048582996,74.1,45.0,6.0,60.0
9,伊藤　義弘,,,,,1.35,1.40,2.20,1.50,1.22,1.25,1.50,1.4170996693434104,211.70000000000002,82.0,15.0,218.0
372,田中　健二朗,DeNA,1.29,1.37,1.45,1.38,1.57,1.69,1.33,2.0,1.28,,1.4171833480956597,225.8,87.0,5.0,233.0
866,ガラテ,,,,,1.41,,,,,,,1.417624521072797,26.1,17.0,4.0,20.0
331,砂田　毅樹,DeNA,1.34,1.23,1.57,1.49,,,,,,,1.4184710561201943,226.3,80.0,11.0,241.0
715,赤川　克紀,,,,,,2.03,1.68,1.33,1.2,1.50,-,1.4191522762951334,318.5,127.0,18.0,325.0
886,篠田　純平,,,,,,1.45,2.60,1.81,1.3,1.50,0.93,1.4197530864197532,324.0,108.0,6.0,352.0
619,大家　友和,,,,,,,,,1.56,1.37,,1.4211212516297262,153.4,32.0,3.0,186.0
46,岡本　健,ソフトバンク,1.36,1.69,1.29,,,,,,,,1.4243759177679884,68.1,31.0,0.0,66.0
16,ヒメネス,,,,,,,,1.30,1.63,,,1.4244016345592527,171.3,68.0,14.0,176.0
479,薮田　和樹,広島,2.25,1.19,1.39,1.80,,,,,,,1.425189393939394,211.2,125.0,9.0,176.0
760,加藤　大輔,,,,,,,2.61,1.32,,1.11,1.41,1.4255014326647562,139.60000000000002,57.0,8.0,142.0
774,鴨志田　貴司,,,,,,,4.00,0.86,1.11,1.13,2.75,1.425891181988743,53.3,33.0,6.0,43.0
385,真田　裕貴,,,,,,1.59,,-,1.51,1.33,1.34,1.4271457085828343,200.4,54.0,15.0,232.0
605,福井　優也,広島,1.53,1.73,1.49,1.21,1.45,2.03,1.52,1.37,,,1.427767354596623,533.0,245.0,30.0,516.0
812,森原　康平,楽天,1.50,1.40,,,,,,,,,1.4285714285714284,46.2,16.0,0.0,50.0
316,鈴木　博志,中日,1.41,,,,,,,,,,1.4285714285714284,46.2,24.0,1.0,42.0
868,花田　真人,,,,,,,,,,,1.29,1.4285714285714286,2.1,0.0,0.0,3.0
135,矢貫　俊之,,,,1.45,,1.37,1.34,1.47,1.4,1.59,,1.4285714285714286,169.4,74.0,5.0,168.0
261,藤岡　貴裕,日本ハム,2.31,3.00,1.23,1.30,1.45,1.37,1.42,,,,1.4303797468354431,474.0,199.0,20.0,479.0
345,中村　勝,,,1.80,1.33,1.49,1.41,1.61,1.15,1.27,1.56,,1.4315642458100557,286.40000000000003,151.0,13.0,259.0
95,中田　廉,広島,2.71,1.22,2.08,1.40,1.31,1.38,1.44,1.86,1.36,,1.4316239316239316,234.0,98.0,10.0,237.0
527,カラシティー,ヤクルト,1.43,,,,,,,,,,1.4324324324324325,74.0,34.0,3.0,72.0
38,山本昌,,,,,2.25,1.36,1.53,1.05,,1.41,2.11,1.4342453662842014,226.59999999999997,76.0,7.0,249.0
508,西村　天裕,日本ハム,1.43,,,,,,,,,,1.434782608695652,23.0,12.0,2.0,21.0
196,平田　真吾,DeNA,1.60,1.35,3.0,1.34,1.08,,,,,,1.4351005484460695,109.39999999999999,45.0,7.0,112.0
752,小笠原　慎之介,中日,1.44,1.49,1.33,,,,,,,,1.4352783366867874,298.2,140.0,6.0,288.0
216,渡辺　恒樹,,,,,,,,3.50,1.16,1.39,,1.4376996805111821,31.3,12.0,4.0,33.0
83,グリン,,,,,,,,,,,1.44,1.4406779661016949,118.0,35.0,4.0,135.0
106,岡本　慎也,,,,,,,,,,,1.41,1.4414414414414416,22.2,14.0,2.0,18.0
630,下柳　剛,,,,,,,,1.65,1.46,1.43,1.42,1.4426353653918969,264.1,88.0,18.0,293.0
574,平野　将光,,,,,,2.16,,1.50,1.47,1.29,1.42,1.4428152492668622,170.5,56.0,6.0,190.0
579,徳山　武陽,,,,2.08,1.39,1.41,,,,,,1.4435695538057742,76.2,37.0,2.0,73.0
814,岡本　洋介,阪神,1.44,1.38,3.0,1.20,1.52,1.38,2.67,,2.07,,1.4436619718309862,340.79999999999995,119.0,26.0,373.0
387,バース,,,,1.44,,,,,,,,1.443798449612403,103.2,47.0,4.0,102.0
206,寺原　早人,,,,,,,,,,1.44,,1.4444444444444444,54.0,24.0,1.0,54.0
400,松井　光介,,,,,,,8.00,1.28,1.48,1.37,1.33,1.4448669201520914,105.19999999999999,38.0,6.0,114.0
382,佐々木　千隼,,,1.44,,,,,,,,,1.445358401880141,85.1,48.0,1.0,75.0
323,井川　慶,,,,,,1.48,1.29,1.53,,,,1.4455307262569834,143.2,58.0,4.0,149.0
523,九里　亜蓮,広島,1.50,1.33,1.45,1.63,1.49,,,,,,1.445874337623013,396.29999999999995,154.0,15.0,419.0
542,ヘルメン,,,1.45,,,,,,,,,1.446808510638298,47.0,24.0,2.0,44.0
526,山﨑　福也,オリックス,1.62,1.60,1.27,,,,,,,,1.4472608340147177,122.30000000000001,50.0,3.0,127.0
648,篠原　貴行,,,,,,,,1.68,1.11,2.40,,1.4473684210526316,76.0,28.0,5.0,82.0
766,戸田　隆矢,広島,1.83,1.50,1.23,1.42,1.42,3.46,2.00,,,,1.4491264131551902,194.6,85.0,7.0,197.0
292,福　敬登,,,1.76,1.38,,,,,,,,1.4492753623188404,48.300000000000004,20.0,3.0,50.0
224,ブラッドリー,,,,,,,1.44,,,,,1.4500941619585688,53.1,16.0,2.0,61.0
794,星野　大地,,,,,,1.00,1.61,,,,,1.450381679389313,13.1,8.0,3.0,11.0
617,山崎　福也,,,,,1.44,,,,,,,1.451048951048951,57.2,34.0,3.0,49.0
54,国吉　佑樹,DeNA,1.77,1.13,4.2,1.14,1.35,1.71,1.48,,,,1.4515480498592683,248.7,119.0,11.0,242.0
873,加藤　武治,,,,,,,,,,1.25,1.82,1.4516129032258065,31.0,12.0,1.0,33.0
289,齋藤　綱記,オリックス,0.38,,2.0,,,,,,,,1.4516129032258065,6.2,3.0,1.0,6.0
291,マクレーン,,,,,,,,1.45,1.47,,,1.4545454545454546,99.0,36.0,6.0,108.0
300,古谷　拓哉,,,,1.96,1.47,1.52,1.08,2.25,1.79,1.40,2.25,1.455949656750572,349.6,161.0,20.0,348.0
728,辻　孟彦,,,,,,,1.42,,,,,1.4583333333333335,19.2,8.0,0.0,20.0
211,南　昌輝,ロッテ,1.64,1.75,1.07,,1.46,1.88,1.36,,,,1.4585519412381953,190.6,105.0,4.0,173.0
538,アコスタ,,,,,,,1.46,,,,,1.4615384615384615,13.0,4.0,0.0,15.0
627,古川　侑利,楽天,1.49,1.27,1.43,,3.00,,,,,,1.4629794826048172,112.1,54.0,3.0,110.0
837,近藤　一樹,ヤクルト,1.35,1.19,,1.51,1.57,1.75,1.50,1.62,1.40,1.54,1.463278931750742,539.1999999999999,218.0,22.0,571.0
335,アンソニー・カーター,,,,,,1.46,,,,,,1.4634146341463414,45.1,24.0,0.0,42.0
896,ウルキデス,ヤクルト,1.38,,,,,,,,,,1.4634146341463417,4.1,1.0,0.0,5.0
514,三嶋　一輝,DeNA,1.15,1.84,1.33,1.34,2.29,1.48,,,,,1.4635503617139678,359.4,169.0,6.0,357.0
414,ジェン,,,,,,,,,,2.00,1.44,1.4641744548286604,32.1,7.0,0.0,40.0
43,マーフィー,,,,,,,,,1.46,1.47,,1.4642857142857142,196.0,104.0,5.0,183.0
305,吉野　誠,,,,,,,-,1.26,1.19,4.20,1.83,1.4645669291338583,63.5,21.0,5.0,72.0
491,増渕　竜義,,,,,,,2.06,1.55,1.38,1.36,2.80,1.4666666666666666,277.5,125.0,10.0,282.0
575,吉見　祐治,,,,,,,1.61,1.37,1.63,,1.37,1.4667393675027265,183.39999999999998,70.0,5.0,199.0
264,菊池　保則,,,1.64,2.03,1.34,1.13,1.83,1.40,3.9,1.09,,1.4671361502347418,255.6,118.0,14.0,257.0
636,大島　崇行,,,,,,,,3.00,1.18,1.46,1.66,1.4678899082568808,76.3,26.0,8.0,86.0
535,大山　暁史,オリックス,1.69,1.23,2.54,,0.00,,,,,,1.4689265536723162,35.400000000000006,17.0,3.0,35.0
640,風張　蓮,ヤクルト,1.33,1.00,2.3,0.00,,,,,,,1.4691943127962084,63.300000000000004,26.0,2.0,67.0
573,朝倉　健太,,,,,2.31,1.37,2.40,1.50,2.0,1.67,1.35,1.469918699186992,307.5,106.0,16.0,346.0
795,鍬原　拓也,巨人,1.45,,,,,,,,,,1.4705882352941178,27.2,17.0,3.0,23.0
839,加賀美　希昇,,,,,,1.66,1.76,1.30,0.67,,,1.4718614718614718,115.5,48.0,3.0,122.0
784,種市　篤暉,ロッテ,1.47,,,,,,,,,,1.4736842105263157,19.0,8.0,0.0,20.0
586,コーリー,,,,,,,,,,1.47,,1.473922902494331,44.1,17.0,2.0,48.0
544,松本　裕樹,ソフトバンク,1.26,1.54,1.0,,,,,,,,1.4754098360655739,79.3,39.0,2.0,78.0
894,齊藤　大将,西武,1.42,,,,,,,,,,1.4754098360655739,12.2,6.0,1.0,12.0
673,小林　敦,,,,,,,,,1.46,,,1.477272727272727,35.2,10.0,0.0,42.0
118,金子　丈,,,,3.0,1.32,,,,,,,1.4788732394366197,14.2,2.0,1.0,19.0
221,佐藤　勇,,,,1.48,,,,,,,,1.48,25.0,13.0,5.0,24.0
788,アラウホ,,,1.44,,,,,,,,,1.4814814814814816,8.1,3.0,2.0,9.0
440,古川　秀一,,,,,0.92,,1.13,2.21,1.19,1.34,,1.482084690553746,61.4,21.0,4.0,70.0
773,小石　博孝,西武,1.46,2.03,1.35,1.00,1.31,2.05,1.48,,,,1.4846107423053712,165.7,90.0,26.0,156.0
555,デラクルス,,,,,,,,,,1.45,,1.4851485148514851,10.1,1.0,0.0,14.0
718,中川　皓太,巨人,1.57,1.28,2.5,,,,,,,,1.486013986013986,57.2,12.0,3.0,73.0
393,橋本　健太郎,,,,,,,,1.40,,1.41,2.00,1.4864864864864866,22.2,13.0,3.0,20.0
616,村中　恭兵,ヤクルト,4.50,1.30,1.51,,1.29,1.74,1.49,1.26,1.38,1.72,1.4868847627468316,678.6,309.0,35.0,700.0
163,山本　省吾,,,,,,,3.00,1.49,1.57,1.52,1.40,1.4875164257555848,380.5,109.0,17.0,457.0
254,石川　直也,日本ハム,1.29,1.63,1.0,,,,,,,,1.4876957494407157,89.4,44.0,0.0,89.0
204,長谷部　康平,,,,1.71,3.00,1.37,0.99,,1.1,1.65,1.66,1.4878234398782346,262.79999999999995,118.0,12.0,273.0
847,吉川　輝昭,,,,,,,2.03,1.39,0.83,1.08,2.36,1.4888535031847132,125.60000000000001,51.0,3.0,136.0
4,小野　淳平,,,,1.36,,1.50,1.47,1.18,1.56,,,1.4892032762472076,134.3,50.0,9.0,150.0
709,加藤　正志,,,,2.0,1.43,,,,,,,1.4893617021276595,14.1,2.0,0.0,19.0
899,岩本　輝,オリックス,1.29,,,1.64,1.36,1.75,1.18,,,,1.4896755162241888,67.8,35.0,2.0,66.0
730,弥太郎,,,,,,,,,,1.47,,1.4906832298136645,32.2,12.0,1.0,36.0
632,金村　曉,,,,,,,,,,4.50,1.29,1.4912280701754386,34.2,11.0,0.0,40.0
686,須田　幸太,DeNA,1.22,1.50,1.34,1.46,1.53,1.58,2.04,1.47,,,1.4923427826653635,306.9,130.0,8.0,328.0
722,二神　一人,,,,,1.14,1.95,,1.30,,,,1.4925373134328357,40.2,10.0,1.0,50.0
86,橋本　義隆,,,,,,,,1.61,1.61,1.89,0.90,1.493212669683258,66.3,17.0,3.0,82.0
3,岡本　篤志,,,,2.25,1.31,1.68,2.06,1.46,1.23,1.47,,1.4948892674616694,234.8,97.0,11.0,254.0
197,赤間　謙,,,1.68,1.43,,,,,,,,1.4967462039045554,46.1,25.0,1.0,44.0
663,宮川　将,,,,,,1.45,1.54,,,,,1.498172959805116,82.1,38.0,3.0,85.0
698,木谷　良平,,,,4.5,2.00,1.69,1.28,,,,,1.4993026499302649,143.4,58.0,5.0,157.0
570,川井　貴志,,,,1.89,1.50,1.54,1.27,1.33,1.4,1.64,1.41,1.5,280.0,90.0,15.0,330.0
62,島袋　洋奨,,,,,1.50,,,,,,,1.5,2.0,2.0,0.0,1.0
314,伊藤　拓郎,,,,,,,,1.50,,,,1.5,2.0,2.0,0.0,1.0
681,山室　公志郎,,,,,,,,,,1.50,,1.5,2.0,2.0,1.0,1.0
110,ブロードウェイ,,,,1.5,,,,,,,,1.5,6.0,2.0,0.0,7.0
833,セドン,,,,,,1.50,,,,,,1.5,52.0,20.0,0.0,58.0
898,今村　信貴,巨人,1.25,2.37,1.59,,1.68,1.29,,,,,1.5027458811782328,200.29999999999998,74.0,8.0,227.0
320,許　銘傑,,,,,,,,,,1.48,1.56,1.5034310667498438,160.3,49.0,5.0,192.0
451,戸村　健次,楽天,4.00,1.50,1.38,1.46,1.69,1.34,1.63,1.57,1.90,,1.5049889135254986,360.80000000000007,127.0,16.0,416.0
307,西宮　悠介,楽天,1.36,1.07,1.44,2.14,1.45,,,,,,1.5059055118110236,101.6,71.0,6.0,82.0
905,レデズマ,,,,,,,1.43,3.00,,,,1.5064102564102564,31.2,14.0,2.0,33.0
675,バリオス,DeNA,1.29,,1.97,1.56,1.88,,,,,,1.5078534031413613,95.5,35.0,5.0,109.0
123,福田　岳洋,,,,,,,2.00,1.68,,1.38,,1.5099715099715099,35.1,21.0,2.0,32.0
770,江草　仁貴,,,,1.33,1.38,1.35,2.33,1.28,2.0,1.81,1.43,1.5102639296187683,136.4,83.0,4.0,123.0
361,高宮　和也,,,,2.05,1.40,1.13,3.00,2.00,1.24,1.84,1.75,1.510658016682113,107.9,37.0,13.0,126.0
19,レスター,,,,,,,,,,1.62,1.32,1.5112540192926045,62.2,27.0,4.0,67.0
725,木塚　敦志,,,,,,,,,,2.73,1.33,1.5116279069767442,34.4,7.0,3.0,45.0
332,高橋　礼,ソフトバンク,1.47,,,,,,,,,,1.5116279069767442,17.2,12.0,3.0,14.0
735,大沼　幸二,,,,,,,,,1.97,1.71,1.35,1.5154536390827518,100.3,50.0,5.0,102.0
836,ガルセス,,,1.52,,,,,,,,,1.5161290322580645,31.0,18.0,2.0,29.0
509,近藤　弘樹,楽天,1.52,,,,,,,,,,1.5172413793103448,29.0,9.0,1.0,35.0
703,瀬川　隼郎,,,,1.0,1.50,,,,,,,1.517857142857143,11.2,6.0,0.0,11.0
128,星　知弥,ヤクルト,1.67,1.50,,,,,,,,,1.5187849720223823,125.1,60.0,5.0,130.0
612,中澤　雅人,ヤクルト,1.31,1.25,1.13,1.58,1.30,2.65,1.33,3.5,1.58,,1.5198153135821468,259.90000000000003,99.0,10.0,296.0
680,八木　亮祐,,,,,1.70,1.54,1.50,1.40,,,,1.5203426124197004,280.2,114.0,5.0,312.0
646,高橋　秀聡,,,,,,,,1.91,2.1,1.60,1.36,1.5206185567010309,77.60000000000001,35.0,8.0,83.0
140,川越　英隆,,,,,,,,,0.97,1.77,1.58,1.5220125786163523,79.5,10.0,3.0,111.0
6,江柄子　裕樹,,,1.67,2.42,,1.28,1.75,1.30,,,,1.5239726027397258,58.400000000000006,23.0,2.0,66.0
389,加治屋　蓮,ソフトバンク,1.45,2.08,2.0,,,,,,,,1.5257048092868988,60.300000000000004,26.0,2.0,66.0
842,河野　秀数,,,,,,1.82,1.36,,,,,1.5274949083503055,49.1,33.0,5.0,42.0
151,栂野　雅史,,,,,,,,,,4.00,1.05,1.5277777777777777,7.2,3.0,0.0,8.0
405,佐竹　健太,,,,,,,,2.50,1.29,1.38,1.59,1.5279672578444747,73.3,26.0,5.0,86.0
468,白仁田　寛和,,,,2.5,1.44,,1.50,1.13,0.75,,,1.5295815295815296,69.3,31.0,0.0,75.0
548,二保　旭,ソフトバンク,1.61,,,1.41,,1.89,,,,,1.5331807780320366,87.4,43.0,10.0,91.0
480,横山　道哉,,,,,,,,,,,1.53,1.5333333333333334,15.0,4.0,0.0,19.0
25,豊田　拓矢,西武,2.25,,1.67,1.36,1.46,,,,,,1.5353535353535352,49.5,18.0,2.0,58.0
330,クルーズ,,,,,1.41,1.74,,,,,,1.5364916773367479,78.1,46.0,5.0,74.0
882,齊藤　悠葵,,,,,,,,1.45,,1.72,1.41,1.5372790161414298,260.2,101.0,7.0,299.0
455,髙橋　光成,西武,1.58,1.42,1.57,,,,,,,,1.537551744529864,169.1,77.0,7.0,183.0
168,野間口　貴彦,,,,,,,,1.00,1.1,1.60,1.72,1.5396578538102645,64.3,33.0,5.0,66.0
851,上園　啓史,,,,,,1.52,1.54,1.93,,1.43,1.94,1.540642722117202,105.80000000000001,44.0,5.0,119.0
35,藤原　紘通,,,,,,,,,3.0,2.51,1.31,1.5422885572139304,100.5,38.0,8.0,117.0
109,濵口　遥大,DeNA,1.60,1.50,,,,,,,,,1.5432098765432098,194.4,109.0,5.0,191.0
806,小林　慶祐,オリックス,2.78,1.25,,,,,,,,,1.5447154471544715,49.2,20.0,2.0,56.0
222,濱田　達郎,,,,3.25,1.66,1.42,,,,,,1.5447154471544715,98.4,54.0,4.0,98.0
708,久米　勇紀,,,,,,,,,,3.67,1.21,1.5454545454545454,22.0,16.0,0.0,18.0
435,阿部　健太,,,,,,2.30,1.20,1.20,,,1.58,1.5468940316686968,82.1,32.0,1.0,95.0
761,小嶋　達也,,,,,1.56,2.47,1.75,1.88,1.28,2.19,0.83,1.549145299145299,93.60000000000001,51.0,5.0,94.0
153,宮本　賢,,,,,,,,,,-,1.43,1.5492957746478875,14.2,7.0,1.0,15.0
426,杉浦　稔大,日本ハム,0.65,0.86,1.94,1.51,1.09,,,,,,1.5497553017944536,122.6,51.0,3.0,139.0
802,トーレス,,,,,,,,,1.54,,,1.5498154981549814,27.1,11.0,1.0,31.0
566,ボウデン,,,,,,1.55,,,,,,1.55,40.0,24.0,1.0,38.0
591,関谷　亮太,ロッテ,1.20,1.64,1.52,,,,,,,,1.5507246376811594,138.0,52.0,6.0,162.0
545,清水　直行,,,,,,,,,1.65,1.56,1.51,1.552647233789411,336.2,95.0,10.0,427.0
776,ローチ,オリックス,1.54,,,,,,,,,,1.5542521994134897,34.1,9.0,5.0,44.0
167,小杉　陽太,,,,1.35,1.61,1.50,1.66,1.33,1.0,2.14,1.33,1.554858934169279,159.5,72.0,8.0,176.0
244,清原　大貴,,,,,,,2.25,,1.0,,,1.5555555555555556,9.0,2.0,0.0,12.0
12,鈴木　翔太,,,1.57,,2.25,1.00,,,,,,1.5569620253164558,79.0,46.0,6.0,77.0
351,飯塚　悟史,DeNA,1.62,1.48,,,,,,,,,1.557177615571776,82.2,41.0,5.0,87.0
820,金田　和之,オリックス,2.27,1.33,1.67,2.59,1.36,,,,,,1.557632398753894,128.4,48.0,2.0,152.0
424,武藤　好貴,,,,2.0,1.61,1.45,,1.29,,,,1.561302681992337,104.4,48.0,6.0,115.0
69,イ・デウン,,,,2.0,1.54,,,,,,,1.5619967793880838,124.2,67.0,4.0,127.0
252,篠原　慎平,巨人,1.90,1.43,,,,,,,,,1.5633423180592991,37.1,16.0,1.0,42.0
726,伊藤　準規,中日,1.76,1.47,1.6,1.89,1.84,,0.83,1.52,1.29,0.00,1.564327485380117,205.2,110.0,20.0,211.0
536,ポーリーノ,,,,1.57,,,,,,,,1.5681818181818181,44.0,25.0,2.0,44.0
637,江村　将也,,,,,,1.34,1.65,,,,,1.570048309178744,41.4,15.0,4.0,50.0
592,菊地原　毅,,,,,,,1.58,1.43,0.82,2.56,1.39,1.5706051873198845,69.4,22.0,5.0,87.0
180,田村　伊知郎,西武,1.20,1.67,,,,,,,,,1.5706806282722512,19.1,6.0,0.0,24.0
111,武内　久士,,,,,2.25,,1.25,,,1.89,,1.5708812260536398,26.1,18.0,0.0,23.0
301,スタルツ,,,,,,,,,,1.57,,1.5713134568896052,124.1,46.0,3.0,149.0
758,新垣　渚,,,,1.62,1.50,2.38,1.76,1.32,,,2.12,1.5721434528773979,239.79999999999998,116.0,13.0,261.0
226,香月　良仁,,,,1.88,1.28,0.33,1.55,1.92,,2.61,,1.5749730312837111,92.69999999999999,32.0,3.0,114.0
843,阿斗里,,,,,,,,4.00,0.95,1.53,2.00,1.5761821366024518,57.1,25.0,4.0,65.0
433,Ｍ．中村,,,,,,,,,,,1.55,1.5808823529411764,27.2,9.0,3.0,34.0
559,齊藤　信介,,,,,,,,,,,1.58,1.5833333333333333,12.0,9.0,1.0,10.0
739,クライン,,,1.58,,,,,,,,,1.5833333333333333,36.0,22.0,3.0,35.0
457,フォッサム,,,,,,,,,,1.57,,1.583629893238434,56.2,24.0,5.0,65.0
831,小野　泰己,阪神,1.64,1.50,,,,,,,,,1.5839909808342727,177.4,103.0,8.0,178.0
470,井坂　亮平,,,,,,,,,1.44,1.75,1.63,1.5840309079201544,155.3,49.0,8.0,197.0
203,松坂　大輔,中日,1.51,,5.0,,,,,,,,1.5851272015655578,51.1,33.0,6.0,48.0
628,大嶺　祐太,,,1.79,2.11,1.40,1.46,1.59,,5.25,1.57,1.58,1.5865800865800865,462.0,213.0,18.0,520.0
152,岸本　秀樹,,,,,,,,1.71,1.26,1.77,,1.586687306501548,129.2,57.0,9.0,148.0
188,小林　寛,,,2.33,3.0,1.60,,1.52,,1.55,,,1.5873015873015872,94.5,50.0,3.0,100.0
45,長峰　昌司,,,,,,,,,,1.53,1.50,1.5887850467289721,21.4,11.0,0.0,23.0
600,山田　修義,オリックス,0.80,2.51,1.41,1.84,,3.00,1.62,,2.00,,1.590720795360398,120.69999999999999,56.0,5.0,136.0
85,小松　聖,,,,2.7,0.84,1.91,1.37,1.43,15.0,1.61,1.76,1.5916722632639357,297.79999999999995,109.0,20.0,365.0
396,笠原　将生,,,,,1.89,1.53,1.48,1.77,,,,1.5948275862068966,116.0,56.0,5.0,129.0
378,釜田　佳直,楽天,2.21,1.53,1.54,1.85,,2.34,1.46,,,,1.5952235150030618,326.6,138.0,24.0,383.0
228,土肥　義弘,,,,,,,,,,1.94,0.94,1.5957446808510638,28.2,11.0,3.0,34.0
126,横山　雄哉,,,1.60,1.24,1.95,,,,,,,1.5963855421686746,33.2,21.0,1.0,32.0
412,水田　章雄,,,,,,,,,,2.08,1.44,1.5970961887477313,55.1,17.0,2.0,71.0
130,川岸　強,,,,,,,,,1.69,1.70,1.39,1.597938144329897,97.0,36.0,5.0,119.0
854,藤原　良平,,,1.46,1.08,1.59,1.61,2.00,4.71,1.3,,,1.6028955532574973,96.7,49.0,15.0,106.0
364,林　昌樹,,,,,,,,,0.0,1.83,1.53,1.6047745358090184,75.4,26.0,5.0,95.0
97,吉川　昌宏,,,,,,,,,,2.22,0.78,1.6049382716049383,16.2,4.0,3.0,22.0
159,木下　雄介,中日,1.56,,,,,,,,,,1.6049382716049383,16.2,9.0,0.0,17.0
803,星野　智樹,,,,,,,2.47,2.70,1.48,1.65,1.36,1.605744125326371,76.6,39.0,8.0,84.0
537,横山　弘樹,,,,1.59,,,,,,,,1.6091954022988504,26.1,12.0,5.0,30.0
366,ザガースキー,,,,1.71,1.33,,,,,,,1.6101694915254237,47.2,26.0,0.0,50.0
104,オーレンドルフ,,,1.61,,,,,,,,,1.6111111111111112,18.0,11.0,1.0,18.0
154,鄭　凱文,,,,,,,1.81,1.27,1.5,,,1.6113744075829384,42.2,17.0,2.0,51.0
250,木田　優夫,,,,,,,,3.00,1.5,1.63,1.54,1.6129032258064515,105.4,43.0,8.0,127.0
835,ブリガム,,,,1.6,,,,,,,,1.6129032258064515,34.1,16.0,5.0,39.0
136,斎藤　佑樹,日本ハム,2.48,1.57,1.56,1.56,1.69,2.50,1.67,1.47,,,1.6134699853587116,341.5,145.0,16.0,406.0
283,ウォーランド,,,,,,,,,,,1.61,1.6152450090744102,110.2,50.0,4.0,128.0
87,桟原　将司,,,,,,,,,,1.71,1.58,1.6153846153846154,26.0,12.0,1.0,30.0
72,坂元　弥太郎,,,,,,,1.50,,1.5,,1.74,1.6196136701337296,67.3,33.0,3.0,76.0
235,伊藤　和雄,阪神,1.45,1.34,1.64,,1.60,,2.50,,,,1.6235294117647059,42.5,26.0,1.0,43.0
844,菅原　秀,楽天,1.37,1.74,,,,,,,,,1.6244725738396626,47.4,30.0,1.0,47.0
178,ワグナー,西武,1.63,,,,,,,,,,1.625,32.0,23.0,2.0,29.0
386,ダービン,,,,,,,,,,1.63,,1.625,16.0,10.0,2.0,16.0
743,長谷川　昌幸,,,,,,,,,,,1.63,1.625,32.0,17.0,0.0,35.0
441,ハミルトン,,,,,,,,1.58,1.62,,,1.6260162601626016,49.2,16.0,4.0,64.0
255,メンデス,,,1.55,,,,,,,,,1.6304347826086958,9.2,3.0,1.0,12.0
84,乾　真大,,,2.06,1.29,1.44,4.00,1.73,1.35,1.88,,,1.6312056737588654,84.6,44.0,1.0,94.0
346,熊原　健人,,,1.70,1.59,,,,,,,,1.6326530612244898,49.0,26.0,2.0,54.0
892,山本　斉,,,,,,,,,1.62,3.50,1.17,1.6349206349206349,63.0,32.0,5.0,71.0
321,萩原　淳,,,,,,,,,,,1.63,1.6368286445012787,39.1,14.0,4.0,50.0
51,田中　豊樹,日本ハム,2.09,1.42,1.5,,,,,,,,1.6382252559726962,29.3,16.0,2.0,32.0
445,上原　健太,日本ハム,1.24,1.85,1.0,,,,,,,,1.6390423572744013,54.300000000000004,27.0,0.0,62.0
429,レイノルズ,,,,,,1.64,,,,,,1.639344262295082,61.0,23.0,5.0,77.0
13,塹江　敦哉,,,,1.58,,,,,,,,1.639344262295082,6.1,4.0,1.0,6.0
769,秋親,,,,,,,,,,1.63,,1.6398713826366558,31.1,20.0,6.0,31.0
790,ハウザー,,,,,,,1.63,,,,,1.6442048517520216,37.1,19.0,3.0,42.0
29,阿南　徹,,,,,,2.00,1.00,,1.0,2.18,,1.6477272727272725,35.2,14.0,2.0,44.0
249,福倉　健太郎,,,1.56,,2.50,,,,,,,1.65,20.0,12.0,0.0,21.0
845,屋宜　照悟,,,6.00,,1.20,,3.00,,,,,1.6556291390728477,30.2,10.0,1.0,40.0
645,スウィーニー,,,,,,,,,,,1.66,1.65961049957663,118.1,52.0,2.0,144.0
337,黒沢　翔太,,,2.50,1.67,1.38,2.00,,,,,,1.6597510373443982,24.1,6.0,2.0,34.0
827,古野　正人,ヤクルト,1.44,,1.95,1.56,1.75,1.58,,,,,1.6623105070569784,191.3,72.0,7.0,246.0
432,シェッパーズ,ロッテ,1.65,,,,,,,,,,1.6666666666666665,37.2,17.0,2.0,45.0
472,伊東　昂大,,,,,,,,,,1.50,,1.6666666666666665,4.2,3.0,0.0,4.0
493,水野　滉也,,,1.50,,,,,,,,,1.6666666666666665,4.2,2.0,1.0,5.0
186,新垣　勇人,日本ハム,2.50,1.00,1.29,1.36,2.25,2.31,,,,,1.6666666666666665,31.200000000000003,4.0,2.0,48.0
349,カストロ,,,,,,,,1.67,,,,1.6666666666666667,3.0,0.0,0.0,5.0
124,小椋　真介,,,,,,,,,,1.62,-,1.6666666666666667,102.0,70.0,3.0,100.0
370,國場　翼,,,,1.67,,,,,,,,1.6666666666666667,3.0,3.0,0.0,2.0
801,サンティアゴ,,,,,1.62,,,,,,,1.6666666666666667,16.2,7.0,0.0,20.0
359,郭　俊麟,西武,1.17,,1.7,1.68,,,,,,,1.668219944082013,107.30000000000001,49.0,12.0,130.0
384,バスケス,,,,1.41,1.76,,,,,,,1.669980119284294,50.300000000000004,32.0,4.0,52.0
607,森　雄大,楽天,1.82,1.56,,1.47,1.81,,,,,,1.6708229426433914,80.2,57.0,4.0,77.0
395,中村　恭平,広島,2.37,,1.69,2.40,,1.53,1.38,1.43,,,1.6717791411042944,130.4,85.0,2.0,133.0
18,佐野　泰雄,西武,2.07,1.69,1.35,2.20,,,,,,,1.6744186046511629,64.5,36.0,6.0,72.0
872,岩橋　慶侍,,,1.30,1.68,3.00,1.79,,,,,,1.6753926701570678,38.2,22.0,0.0,42.0
878,中尾　輝,ヤクルト,1.58,2.75,,,,,,,,,1.6760828625235404,53.1,33.0,1.0,56.0
336,安部　建輝,,,,,1.29,1.93,3.00,,,,,1.6783216783216783,14.3,12.0,0.0,12.0
702,渡邉　啓太,ロッテ,1.68,,,,,,,,,,1.6785714285714286,28.0,10.0,0.0,37.0
792,小松　剛,,,,,,,,,,1.94,1.57,1.6788321167883211,82.2,27.0,5.0,111.0
620,ベイル,,,,,,,,,,1.65,,1.6793893129770994,26.2,15.0,3.0,29.0
77,松本　直晃,西武,1.63,,1.88,,,,,,,,1.6793893129770994,26.2,12.0,1.0,32.0
525,金森　敬之,,,,6.0,1.69,,,,,1.81,1.17,1.6795865633074933,77.4,29.0,3.0,101.0
852,佐藤　祥万,広島,1.64,1.65,2.57,,,1.77,1.71,1.75,0.71,,1.6795865633074933,38.7,21.0,4.0,44.0
641,カーペンター,,,,,,1.67,,,,,,1.6822429906542056,32.1,24.0,3.0,30.0
676,尚成,,,,,,1.69,,,,,,1.6862745098039216,51.0,21.0,1.0,65.0
383,アダメス,巨人,1.67,,,,,,,,,,1.6883116883116882,23.1,17.0,0.0,22.0
177,石川　俊介,,,,,,,,,,1.71,1.60,1.6901408450704227,14.2,6.0,0.0,18.0
840,カーライル,,,,,,,,,,1.66,,1.6911764705882353,27.2,11.0,1.0,35.0
379,岩尾　利弘,,,,2.33,1.79,0.95,2.11,,,4.00,,1.6944024205748867,66.1,36.0,5.0,76.0
237,清水　章夫,,,,,,,,,,,1.67,1.6959064327485378,34.2,17.0,7.0,41.0
102,藤井　皓哉,広島,1.90,0.00,,,,,,,,,1.6964285714285716,11.2,5.0,0.0,14.0
862,マストニー,,,,,,,,,,,1.69,1.6993464052287581,61.2,25.0,11.0,79.0
270,土肥　星也,ロッテ,1.45,1.91,,,,,,,,,1.7015706806282722,38.2,21.0,2.0,44.0
407,一場　靖弘,,,,,,,,,1.5,,1.70,1.7021276595744679,42.300000000000004,20.0,4.0,52.0
202,川崎　雄介,,,,,,,,,1.71,2.03,1.56,1.7024793388429753,60.5,25.0,3.0,78.0
657,入野　貴大,,,1.59,2.18,1.61,,,,,,,1.7032967032967035,36.4,15.0,0.0,47.0
227,チューク,,,,,,,,,,1.66,,1.7032967032967035,18.2,7.0,1.0,24.0
547,桜井　俊貴,,,1.59,2.31,,,,,,,,1.7041800643086815,31.1,16.0,3.0,37.0
142,ファンミル,,,,,,1.62,,,,,,1.707317073170732,8.2,7.0,1.0,7.0
757,オスカル,,,0.60,1.72,,,,,,,,1.7094017094017095,23.4,7.0,1.0,33.0
185,杉山　直久,,,,,,,,,,1.58,1.80,1.7117117117117118,11.1,3.0,2.0,16.0
446,山本　翔也,阪神,2.67,1.70,1.2,1.31,3.00,,,,,,1.7142857142857142,24.5,11.0,0.0,31.0
650,島本　浩也,阪神,2.00,,1.34,2.13,,,,,,,1.7155756207674944,44.3,20.0,1.0,56.0
658,上野　弘文,,,,,,3.50,1.86,,1.55,1.54,1.83,1.7189460476787954,79.7,28.0,6.0,109.0
507,阿部　和成,ロッテ,2.00,2.00,1.9,1.70,,1.64,1.21,2.88,,,1.720321931589537,99.4,46.0,3.0,125.0
748,飯田　哲矢,広島,1.77,2.86,1.2,1.29,,,,,,,1.7206982543640896,40.1,21.0,0.0,48.0
754,コーク,,,1.69,,,,,,,,,1.7241379310344829,23.2,10.0,1.0,30.0
67,高橋　樹也,広島,1.75,1.71,,,,,,,,,1.7307692307692308,26.0,9.0,0.0,36.0
105,植村　祐介,,,,,,,,1.25,,,3.67,1.7333333333333334,15.0,11.0,1.0,15.0
787,サンチェス,,,,,,,,,1.71,,,1.7391304347826086,16.1,7.0,2.0,21.0
858,リーチ,,,,,,,,,1.73,,,1.7391304347826086,39.1,21.0,0.0,47.0
369,岩崎　哲也,,,,,,,,,2.57,2.40,1.58,1.7406143344709897,29.3,14.0,4.0,37.0
819,三ツ間　卓也,中日,2.12,1.65,,,,,,,,,1.7452830188679243,42.400000000000006,31.0,9.0,43.0
286,ワズディン,,,,,,,,,,,1.73,1.7482517482517481,57.2,21.0,5.0,79.0
487,古川　祐樹,,,,,,,,,,,1.75,1.75,4.0,2.0,0.0,5.0
560,加藤　拓也,,,1.74,,,,,,,,,1.7525773195876289,29.1,31.0,1.0,20.0
172,大塚　豊,,,,,1.33,1.60,1.55,,2.45,,,1.7557251908396945,39.300000000000004,23.0,2.0,46.0
558,伊原　正樹,,,,,,,,,1.88,1.96,1.42,1.7688679245283019,42.4,25.0,5.0,50.0
302,須永　英輝,,,,,1.50,12.00,,,,1.84,1.56,1.771771771771772,33.3,15.0,3.0,44.0
107,モレノ,阪神,1.65,,,,,,,,,,1.7741935483870968,6.2,3.0,0.0,8.0
895,ロー,,,,,,,,,,,1.78,1.7777777777777777,27.0,12.0,2.0,36.0
442,土田　瑞起,,,,1.8,1.58,1.80,,,,,,1.777777777777778,31.499999999999996,15.0,0.0,41.0
877,尾仲　祐哉,阪神,1.46,1.91,,,,,,,,,1.7821782178217822,30.3,19.0,0.0,35.0
824,ブーチェック,,,,,,,,,,1.78,,1.792828685258964,25.1,7.0,1.0,38.0
89,高橋　奎二,ヤクルト,1.80,,,,,,,,,,1.8,5.0,3.0,0.0,6.0
520,山岸　穣,,,,,,,,,2.0,1.36,2.17,1.8012422360248446,16.1,8.0,1.0,21.0
114,セプティモ,,,,1.74,,,,,,,,1.8032786885245902,6.1,3.0,0.0,8.0
288,京山　将弥,DeNA,1.80,,,,,,,,,,1.8126272912423624,49.1,32.0,1.0,57.0
488,梅野　雄吾,ヤクルト,1.86,1.75,,,,,,,,,1.8181818181818181,22.0,20.0,2.0,20.0
377,高木　晃次,,,,,,,,,,,1.82,1.8181818181818181,11.0,5.0,2.0,15.0
512,眞下　貴之,,,,,,,,,1.85,1.67,,1.8181818181818183,24.2,19.0,1.0,25.0
212,岩下　大輝,ロッテ,1.78,,,,,,,,,,1.8181818181818183,12.1,7.0,1.0,15.0
308,今野　龍太,楽天,1.60,,,2.10,1.69,,,,,,1.8181818181818183,13.2,7.0,1.0,17.0
26,田中　正義,ソフトバンク,1.76,,,,,,,,,,1.8181818181818183,13.2,6.0,0.0,18.0
853,吉田　侑樹,日本ハム,2.18,1.69,,,,,,,,,1.8181818181818183,26.4,11.0,0.0,37.0
810,平良　拳太郎,DeNA,1.66,2.14,1.91,,,,,,,,1.8262411347517729,56.400000000000006,36.0,1.0,67.0
225,高市　俊,,,,,,,,,3.43,1.29,1.93,1.830357142857143,22.4,9.0,1.0,32.0
859,齊藤　勝,,,,,,2.00,1.50,,,,,1.8309859154929577,7.1,8.0,0.0,5.0
182,井上　公志,,,,,,,1.83,,,,,1.8333333333333333,12.0,5.0,2.0,17.0
502,丸山　泰資,,,1.83,,,,,,,,,1.8333333333333333,12.0,6.0,1.0,16.0
745,木村　優太,,,,1.88,1.79,1.81,,,,,,1.8351477449455678,64.3,30.0,3.0,88.0
74,コーコラン,,,,,,,1.81,,,,,1.8373493975903612,33.2,18.0,3.0,43.0
392,宮田　和希,,,,,1.79,1.50,,1.13,,2.14,7.00,1.8441558441558439,38.50000000000001,32.0,1.0,39.0
358,笠谷　俊介,ソフトバンク,2.22,0.60,,,,,,,,,1.8446601941747571,10.3,7.0,0.0,12.0
883,服部　泰卓,,,,,,2.54,1.28,,2.4,3.35,,1.8454935622317594,46.60000000000001,22.0,5.0,64.0
334,横山　貴明,,,,2.18,2.30,1.04,,,,,,1.8482490272373542,51.4,21.0,3.0,74.0
190,Ｃ．Ｃ．リー,,,,1.8,,,,,,,,1.8518518518518519,16.2,5.0,0.0,25.0
79,ベイリス,,,,,,,,,,,1.86,1.8571428571428572,14.0,8.0,0.0,18.0
599,野川　拓斗,,,,1.86,,,,,,,,1.8571428571428572,7.0,6.0,1.0,7.0
653,佐藤　誠,,,,,,,,,,,1.84,1.8614718614718613,23.1,8.0,0.0,35.0
48,高橋　建,,,,,,,,,,1.87,,1.8666666666666667,30.0,19.0,0.0,37.0
328,進藤　拓也,,,1.87,,,,,,,,,1.8666666666666667,15.0,10.0,2.0,18.0
268,ライブリー,,,,,1.82,,,,,,,1.8681318681318682,18.2,15.0,1.0,19.0
716,西川　雅人,,,,,,,,3.75,3.0,1.17,1.57,1.871345029239766,17.1,8.0,2.0,24.0
848,山本　徹矢,,,,,,,,,1.88,,,1.875,16.0,7.0,1.0,23.0
677,マシス,,,,,,,,1.86,,,,1.8773946360153255,26.1,8.0,0.0,41.0
294,バンヘッケン,,,,1.86,,,,,,,,1.8805309734513274,45.2,26.0,2.0,59.0
456,土肥　寛昌,,,1.40,2.25,,,,,,,,1.8811881188118813,10.1,6.0,1.0,13.0
422,ドイル,,,,,,,,1.82,,,,1.8852459016393444,12.2,9.0,1.0,14.0
902,小宮山　悟,,,,,,,,,,,1.83,1.893939393939394,13.2,1.0,2.0,24.0
149,中後　悠平,DeNA,1.77,,,,2.00,6.00,1.67,,,,1.8944099378881987,32.2,29.0,5.0,32.0
131,西原　圭大,,,,2.6,1.29,1.71,,,,,,1.8965517241379308,23.200000000000003,6.0,3.0,38.0
815,小山田　保裕,,,,,,,,,,,1.90,1.9,10.0,5.0,1.0,14.0
42,巽　真悟,,,,,1.77,2.14,1.42,2.21,,2.55,2.00,1.9011406844106464,52.6,35.0,4.0,65.0
727,工藤　公康,,,,,,,,,,2.50,1.79,1.902552204176334,43.1,18.0,0.0,64.0
717,宮台　康平,日本ハム,1.71,,,,,,,,,,1.9047619047619047,4.2,4.0,2.0,4.0
864,朝井　秀樹,,,,,,,,,,,1.88,1.9148936170212767,28.2,17.0,0.0,37.0
540,池田　隆英,楽天,1.90,,,,,,,,,,1.919431279620853,42.2,21.0,0.0,60.0
556,松崎　伸吾,,,,,,,,,0.94,2.08,2.25,1.9205298013245031,30.200000000000003,15.0,2.0,43.0
821,グラマン,,,,,,,,,1.54,4.07,1.60,1.924198250728863,34.3,18.0,1.0,48.0
704,ペレス,,,,1.92,,,,,,,,1.943127962085308,21.1,15.0,3.0,26.0
208,丸山　貴史,,,,,,,,,,,1.83,1.9444444444444444,7.2,8.0,0.0,6.0
36,馬場　皐輔,阪神,1.85,,,,,,,,,,1.9512195121951221,8.2,4.0,1.0,12.0
809,田面　巧二郎,,,,1.85,,,,,,,,1.9512195121951221,4.1,3.0,0.0,5.0
811,小野　郁,楽天,1.33,1.00,2.18,2.80,,,,,,,1.958762886597938,29.1,16.0,3.0,41.0
50,谷川　昌希,阪神,1.89,,,,,,,,,,1.9672131147540985,12.2,7.0,2.0,17.0
338,フェルナンデス,,,,,,,,1.89,,,,1.9672131147540985,12.2,9.0,1.0,15.0
562,中里　篤史,,,,,,,,,,2.33,1.62,1.971830985915493,7.1,4.0,0.0,10.0
765,光原　逸裕,,,,,,,,,2.29,2.00,1.32,1.9718309859154932,21.299999999999997,10.0,2.0,32.0
481,松本　輝,,,,,,,,,,2.17,1.50,1.9827586206896552,23.2,11.0,2.0,35.0
593,木村　文和,,,,,,,,,,,1.98,1.9926199261992619,27.1,17.0,1.0,37.0
65,沼田　拓巳,ヤクルト,2.00,,,,,,,,,,2.0,1.0,0.0,0.0,2.0
78,加藤　幹典,,,,,,,,,1.7,1.87,-,2.0,25.0,16.0,0.0,34.0
665,那須野　巧,,,,,,,,,,,2.00,2.0,7.0,5.0,0.0,9.0
436,カンポス,広島,2.00,,,,,,,,,,2.0,1.0,1.0,0.0,1.0
721,ウエスト,,,2.00,,,,,,,,,2.0,2.0,3.0,0.0,1.0
644,運天　ジョン・クレイトン,,,,,,,,,2.0,,,2.0,1.0,0.0,0.0,2.0
108,松山　傑,,,,,,,,,,2.00,,2.0,4.0,4.0,1.0,4.0
825,木下　達生,,,,,,,,,2.0,,,2.0,1.0,2.0,0.0,0.0
798,小島　心二郎,,,,,,,,,,2.00,,2.0,2.0,1.0,1.0,3.0
519,池ノ内　亮介,,,,,,2.00,,,,,,2.0,2.0,2.0,0.0,2.0
194,ブラックリー,,,,,,2.00,,,,,,2.0,13.0,5.0,0.0,21.0
541,金村　大裕,,,,,,,,,,,2.00,2.0,1.0,2.0,0.0,0.0
421,山本　淳,,,,,,,1.75,1.86,,2.10,2.23,2.018779342723005,42.599999999999994,26.0,4.0,60.0
625,東條　大樹,,,1.71,2.4,,,,,,,,2.021276595744681,28.2,25.0,4.0,32.0
310,谷岡　竜平,巨人,1.71,3.33,,,,,,,,,2.033333333333333,30.0,24.0,0.0,37.0
683,相原　和友,,,,9.0,1.33,1.76,,,,,,2.0346320346320343,23.1,16.0,1.0,31.0
171,岩見　優輝,,,,,,,1.20,,2.19,,,2.0394736842105265,15.2,15.0,2.0,16.0
439,金平　将至,,,,1.5,0.90,2.50,,,,,,2.043010752688172,9.3,4.0,2.0,15.0
504,髙橋　朋己,西武,-,1.88,1.5,,,,,,,,2.0547945205479454,7.3,6.0,0.0,9.0
368,森本　将太,,,,,4.00,,1.93,,,,,2.064516129032258,31.0,26.0,3.0,38.0
890,青山　大紀,オリックス,2.40,2.25,1.5,,,,,,,,2.065217391304348,9.2,11.0,0.0,8.0
408,秦　裕二,,,,,,,,,,1.97,,2.065217391304348,9.2,4.0,0.0,15.0
82,高野　圭佑,ロッテ,1.41,2.34,1.96,,,,,,,,2.0655737704918034,30.5,23.0,2.0,40.0
485,福地　元春,,,,2.55,1.79,,,,,,,2.1028037383177574,21.4,18.0,0.0,27.0
510,大塚　尚仁,,,,1.8,2.25,,,,,,,2.1126760563380285,7.1,4.0,0.0,11.0
220,王　溢正,,,,,,,,2.10,,,,2.116182572614108,24.1,19.0,3.0,32.0
150,大場　達也,,,,,,,2.05,,,,,2.1311475409836067,6.1,10.0,0.0,3.0
460,長谷川　潤,,,,2.05,,,,,,,,2.1311475409836067,6.1,2.0,0.0,11.0
247,小林　雅英,,,,,,,,,3.21,1.71,,2.142857142857143,18.2,10.0,0.0,29.0
81,ファイフ,,,2.14,,,,,,,,,2.142857142857143,21.0,13.0,2.0,32.0
103,オルモス,ロッテ,2.14,,,,,,,,,,2.142857142857143,7.0,6.0,0.0,9.0
183,ロンドン,,,1.93,,,,,,,,,2.142857142857143,4.2,2.0,2.0,7.0
454,コーディエ,,,,2.11,,,,,,,,2.1487603305785123,12.1,15.0,0.0,11.0
580,戸田　亮,,,,,,,2.06,,,,,2.1568627450980395,5.1,2.0,0.0,9.0
539,トーマス,,,,,,,2.13,,,,,2.1782178217821784,10.1,9.0,1.0,13.0
116,ラルー,,,,,,,2.18,,,,,2.1818181818181817,22.0,11.0,1.0,37.0
501,高橋　昂也,広島,2.19,,,,,,,,,,2.1904761904761907,21.0,16.0,0.0,30.0
350,山本　雅士,,,,,2.08,,,,,,,2.1951219512195124,4.1,2.0,0.0,7.0
759,吉原　正平,,,,,,2.14,,,,,,2.197802197802198,9.1,5.0,0.0,15.0
209,本田　圭佑,西武,3.43,1.70,1.93,,,,,,,,2.2222222222222223,13.5,8.0,1.0,22.0
278,若竹　竜士,,,,,,,,2.57,2.0,2.17,,2.231404958677686,12.1,10.0,1.0,17.0
768,植松　優友,,,,,2.25,,,,,,,2.25,8.0,7.0,1.0,11.0
155,弦本　悠希,,,,,,,,,2.25,,,2.25,4.0,4.0,1.0,5.0
861,ピント,,,,,,,,2.18,,,,2.2535211267605635,7.1,7.0,1.0,9.0
245,井上　雄介,,,,,,,,1.64,,2.43,,2.2549019607843137,10.2,3.0,0.0,20.0
315,濱矢　廣大,楽天,1.34,2.19,2.28,2.80,2.40,,,,,,2.259615384615385,41.599999999999994,36.0,0.0,58.0
807,リズ,,,,2.23,,,,,,,,2.3214285714285716,11.2,9.0,0.0,17.0
800,菊沢　竜佑,,,2.33,,,,,,,,,2.3333333333333335,3.0,2.0,0.0,5.0
712,バレット,,,,,,,,,,,2.29,2.3423423423423424,11.1,10.0,2.0,16.0
399,本柳　和也,,,,,,,,,,,2.38,2.375,8.0,5.0,0.0,14.0
274,高橋　徹,,,,,,,,,,2.14,,2.380952380952381,2.1,2.0,0.0,3.0
897,林　イー豪,,,,,,,,,,2.40,,2.4,5.0,4.0,1.0,8.0
834,チルダース,,,,,,,,,,,2.31,2.439024390243903,4.1,2.0,0.0,8.0
550,清水　達也,中日,2.50,,,,,,,,,,2.5,2.0,2.0,0.0,3.0
242,相沢　晋,,,,,2.45,,,,,,,2.535211267605634,7.1,7.0,2.0,11.0
672,南川　忠亮,西武,3.21,2.14,1.75,,,,,,,,2.5806451612903225,12.4,11.0,0.0,21.0
714,ドーマン,,,,,,,,,,,2.52,2.5925925925925926,8.1,7.0,3.0,14.0
475,中崎　雄太,,,,,,,2.48,,,,,2.608695652173913,9.2,5.0,0.0,19.0
595,土屋　健二,,,,,,2.10,1.86,-,,3.19,,2.6341463414634148,20.5,12.0,3.0,42.0
367,黄　志龍,,,,,,,,,,2.48,,2.638888888888889,7.2,6.0,0.0,13.0
39,誠,,,2.33,2.35,,3.23,,,,,,2.6589595375722546,17.299999999999997,18.0,3.0,28.0
629,髙橋　純平,,,2.67,,,,,,,,,2.6666666666666665,3.0,2.0,0.0,6.0
313,石橋　良太,,,,2.63,,,,,,,,2.7450980392156863,5.1,4.0,0.0,10.0
397,ミッシュ,,,,2.63,,,,,,,,2.7450980392156863,5.1,5.0,1.0,9.0
146,守屋　功輝,阪神,2.57,-,2.4,,,,,,,,2.7642276422764227,12.3,7.0,0.0,27.0
402,Ｋ－鈴木,オリックス,2.73,,,,,,,,,,2.8169014084507045,7.1,9.0,0.0,11.0
705,クレイマー,,,,,,,,2.76,,,,2.8395061728395063,8.1,6.0,0.0,17.0
411,松本　幸大,,,,,,,2.75,2.57,,2.23,4.88,2.8510638297872344,23.499999999999996,15.0,2.0,52.0
296,中島　彰吾,,,2.57,,,,,,,,,2.857142857142857,4.2,1.0,0.0,11.0
797,金剛　弘樹,,,,,,,,,,2.57,,2.857142857142857,2.1,2.0,0.0,4.0
450,谷中　真二,,,,,,,,,,2.59,3.25,2.882882882882883,11.1,12.0,1.0,20.0
458,長井　良太,広島,2.70,,,,,,,,,,2.903225806451613,3.1,5.0,0.0,4.0
901,高木　伴,,,,,2.79,,,,,,,2.9347826086956523,9.2,9.0,0.0,18.0
214,広池　浩司,,,,,,,,,,3.00,,3.0,1.0,0.0,0.0,3.0
557,小林　賢司,,,,,,,,,,,3.00,3.0,1.0,2.0,0.0,1.0
73,寺田　哲也,,,,4.5,2.00,,,,,,,3.0,5.0,9.0,2.0,6.0
465,仁藤　拓馬,,,,,,,,,,,3.00,3.0,1.0,0.0,0.0,3.0
164,田村　丈,DeNA,3.00,,,,,,,,,,3.0,1.0,0.0,0.0,3.0
452,川崎　貴弘,,,,,,,3.00,,,,,3.0,1.0,2.0,0.0,1.0
134,小澤　怜史,,,3.00,,,,,,,,,3.0,2.0,1.0,0.0,5.0
635,田中　英祐,,,,,3.17,,,,,,,3.1666666666666665,6.0,7.0,0.0,12.0
98,吉田　凌,,,2.63,,,,,,,,,3.1818181818181817,2.2,2.0,0.0,5.0
669,寺島　成輝,ヤクルト,4.00,2.67,,,,,,,,,3.2,5.0,7.0,0.0,9.0
28,ペニー,,,,,,,,3.00,,,,3.225806451612903,3.1,3.0,0.0,7.0
874,杉原　洋,,,,,,,,,,3.00,,3.333333333333333,2.1,4.0,0.0,3.0
651,陳　冠宇,,,,,,3.00,,,,,,3.333333333333333,2.1,2.0,0.0,5.0
406,ザラテ,,,,,,,2.40,,,,,3.3333333333333335,1.2,2.0,0.0,2.0
549,有馬　翔,,,,,,,3.33,,,,,3.3333333333333335,6.0,9.0,1.0,11.0
528,佐藤　峻一,,,,3.27,,,,,,,,3.3802816901408455,7.1,6.0,1.0,18.0
279,渡邉　恒樹,,,,,,,,,,,3.00,3.4375,3.2,0.0,1.0,11.0
741,福永　春吾,阪神,4.00,3.25,,,,,,,,,3.5,6.0,5.0,0.0,16.0
22,ミルズ,,,,,,,3.00,,,,,3.6363636363636362,2.2,2.0,0.0,6.0
720,竹下　真吾,,,,3.0,,,,,,,,3.6363636363636362,2.2,6.0,0.0,2.0
713,キャンデラリオ,,,3.67,,,,,,,,,3.6666666666666665,3.0,2.0,0.0,9.0
689,コラレス,,,3.67,,,,,,,,,3.6666666666666665,3.0,6.0,1.0,5.0
793,森　跳二,,,,,,,,,,3.00,3.60,3.7209302325581395,4.3,2.0,1.0,14.0
753,ダース　ローマシュ匡,,,,,,,,,,3.43,,3.8095238095238093,2.1,4.0,0.0,4.0
55,相澤　寿聡,,,,,,,,,4.0,3.60,,3.9024390243902443,4.1,3.0,0.0,13.0
517,横山　龍之介,,,,,,,,,,4.00,,4.0,1.0,1.0,0.0,3.0
156,ミゲル・メヒア,,,,,3.55,,,,,,,4.0625,3.2,3.0,0.0,10.0
615,角屋　龍太,,,,3.86,,,,,,,,4.285714285714286,2.1,4.0,0.0,5.0
193,髙田　萌生,巨人,4.50,,,,,,,,,,4.5,2.0,3.0,1.0,6.0
884,中塚　駿太,西武,3.50,4.50,,,,,,,,,4.545454545454545,2.2,7.0,0.0,3.0
236,梶本　達哉,,,,,,,,,3.75,,,4.545454545454545,1.1,2.0,0.0,3.0
241,山崎　正貴,,,,,,,,,,3.75,,4.545454545454545,1.1,2.0,0.0,3.0
857,岡本　直也,,,,,,,,,5.0,,,5.0,1.0,0.0,0.0,5.0
830,野村　亮介,,,,,4.13,,,,,,,5.0,2.2,3.0,0.0,8.0
860,金伏　ウーゴ,,,,,5.00,,,,,,,5.0,1.0,1.0,0.0,4.0
404,ビロウ,,,,,5.25,,,,,,,6.363636363636363,1.1,5.0,0.0,2.0
589,正津　英志,,,,,,,,,,,4.80,6.666666666666667,1.2,4.0,0.0,4.0
838,高島　祥平,,,,,,,,,,7.00,,7.0,1.0,4.0,0.0,3.0
137,鈴木　優,,,,6.0,6.00,,,,,,,8.333333333333332,1.2000000000000002,3.0,0.0,7.0
403,坂寄　晴一,,,,,4.50,,,,,,,15.0,0.2,1.0,0.0,2.0
885,浜田　智博,,,,,7.50,,,,,,,25.0,0.2,0.0,0.0,5.0
696,コズロースキー,,,,,,,,,,,9.00,30.0,0.1,0.0,1.0,3.0
664,ロドリゲス,,,,,,,,,,,,,0.0,0.0,0.0,0.0
